–ù–∞–∑–≤–∞–Ω–∏–µ –ø–ª–æ—â–∞–¥–∫–∏,–°—Å—ã–ª–∫–∞ –Ω–∞ —Å–æ–æ–±—â–µ—Å—Ç–≤–æ,–ö–æ–ª–∏—á–µ—Å—Ç–≤–æ —É—á–∞—Å—Ç–Ω–∏–∫–æ–≤,–û—Ö–≤–∞—Ç —Ä–µ–∫–ª–∞–º—ã,–û—Ö–≤–∞—Ç –ø–æ –ø–æ–¥–ø–∏—Å—á–∏–∫–∞–º,–°—Ç–æ–∏–º–æ—Å—Ç—å,–î–ª–∏—Ç–µ–ª—å–Ω–æ—Å—Ç—å —Ä–∞–∑–º–µ—â–µ–Ω–∏—è
üîî –≠—Ç–∞ —Å—Ç—Ä–∞–Ω–∏—Ü–∞ –æ—Ñ–∏—Ü–∏–∞–ª—å–Ω–æ –ø–æ–¥—Ç–≤–µ—Ä–∂–¥–µ–Ω–∞,https://vk.com/club107071607,1285469,25494,29862,497,1/24
–ú–æ–π –¥–æ–º. –°–∞–Ω–∫—Ç-–ü–µ—Ç–µ—Ä–±—É—Ä–≥,https://vk.com/club127925061,1268091,10966,200101,2950,1/24
–ò–¥–µ–∏ –º–∞–ª–æ–≥–æ –±–∏–∑–Ω–µ—Å–∞,https://vk.com/club51675727,712874,5742,50937,576,1/24
–í–°–ï –õ–¨–ì–û–¢–´ || –ù–ê–õ–û–ì–û–í–´–ô –í–´–ß–ï–¢ II –ë–ê–ù–ö–†–û–¢–°–¢–í–û,https://vk.com/club73768114,205477,5503,34928,648,1/24
–°–µ–∫—Ä–µ—Ç—ã —É—Å–ø–µ—Ö–∞,https://vk.com/club41272222,265564,4214,1143,144,1/24
"–í—Å–µ –õ—å–≥–æ—Ç—ã: –≤—ã–ø–ª–∞—Ç—ã –Ω–∞ –¥–µ—Ç–µ–π, –ø–æ—Å–æ–±–∏–µ, –ø–µ–Ω—Å–∏—è",https://vk.com/club163998322,194207,3454,22786,807,1/24
¬´–í—Å–µ-–ø–æ—Å–æ–±–∏—è.—Ä—É¬ª: –ü–æ—Å–æ–±–∏—è - –õ—å–≥–æ—Ç—ã - –ü–µ–Ω—Å–∏–∏,https://vk.com/club82056788,92507,3417,18680,2880,1/24
–ö–∞—Ç–∞–ª–æ–≥ –±–∏–∑–Ω–µ—Å –∏–¥–µ–π,https://vk.com/club74837480,173208,3321,11929,360,1/24
–ò–Ω–¥–∏–≤–∏–¥—É–∞–ª—å–Ω—ã–π –ø—Ä–µ–¥–ø—Ä–∏–Ω–∏–º–∞—Ç–µ–ª—å,https://vk.com/club157453299,165876,2840,28146,576,1/24
–ë–µ–∑ –ë–æ—Å—Å–∞ | –ò–¥–µ–∏ –±–∏–∑–Ω–µ—Å–∞,https://vk.com/club83227908,143430,2795,9917,288,1/24
–ú–∞–ª—ã–π –±–∏–∑–Ω–µ—Å,https://vk.com/club94003050,330537,2617,28152,432,1/24
–ü–æ–¥—Å–ª—É—à–∞–Ω–æ –ë–∞–Ω–∫,https://vk.com/club154046623,47108,2393,9225,144,1/24
–ë–∏–∑–Ω–µ—Å –∏–¥–µ–∏,https://vk.com/club114767033,130140,1880,6967,288,1/24
Business life,https://vk.com/club43251403,269003,1739,9762,288,1/24
–ò–Ω—Ç–µ–ª–ª–µ–∫—Ç—É–∞–ª—å–Ω–æ–µ –º–Ω–µ–Ω–∏–µ,https://vk.com/club58596644,199404,1458,14749,173,1/24
"–°—Ç–∞—Ä—Ç–∞–ø | –ò–¥–µ–∏ –¥–ª—è –±–∏–∑–Ω–µ—Å–∞, –º–∞—Ä–∫–µ—Ç–∏–Ω–≥",https://vk.com/club47706515,431785,1442,12332,1368,1/24
–ù–µ –ù–∞–µ–º–Ω–æ–µ –ù–∞—Å—Ç—Ä–æ–µ–Ω–∏–µ | –ë–∏–∑–Ω–µ—Å –ñ—É—Ä–Ω–∞–ª,https://vk.com/club63557556,148353,1403,7171,288,1/24
Money | –ò–¥–µ–∏ –∑–∞—Ä–∞–±–æ—Ç–∫–∞,https://vk.com/club109638762,91899,1127,7347,216,1/24
–ù–µ–¥–≤–∏–∂–∏–º–æ—Å—Ç—å –ö—Ä–∞—Å–Ω–æ—è—Ä—Å–∫,https://vk.com/club76347737,75705,1098,6487,706,1/48
–ü–æ–¥—Å–ª—É—à–∞–Ω–æ –û–≠–ú–ö ‚Ä¢ –°–ì–û–ö ‚Ä¢ –õ–ì–û–ö ‚Ä¢ –ù–õ–ú–ö,https://vk.com/club130065274,14501,1038,3574,216,1/72
–ë—É—Ö–≥–∞–ª—Ç–µ—Ä–∏—è –∏ –Ω–∞–ª–æ–≥–∏ | –ë–µ—Å–ø–ª–∞—Ç–Ω–∞—è –∫–æ–Ω—Å—É–ª—å—Ç–∞—Ü–∏—è,https://vk.com/club52578514,54412,908,3381,432,2/72
"–í–ü–æ–∏—Å–∫–µ.–ù–∏–∂–Ω–∏–π –ù–æ–≤–≥–æ—Ä–æ–¥ - —Å–Ω—è—Ç—å –∫–≤–∞—Ä—Ç–∏—Ä—É,–∫–æ–º–Ω–∞—Ç—É",https://vk.com/club133719969,14930,835,1206,144,1/72
Successful person (–£—Å–ø–µ—à–Ω—ã–π —á–µ–ª–æ–≤–µ–∫). –£—Å–ø–µ—Ö,https://vk.com/club46644924,436778,785,23834,144,1/24
–ù–µ–¥–≤–∏–∂–∏–º–æ—Å—Ç—å –≤ –†–æ—Å—Ç–æ–≤–µ-–Ω–∞-–î–æ–Ω—É,https://vk.com/club60219150,24817,762,59,72,1/24
–ü—Ä–æ—Ñ–µ—Å—Å–∏–æ–Ω–∞–ª—å–Ω—ã–π –±—É—Ö–≥–∞–ª—Ç–µ—Ä 1–° (–ê–∑–±—É—Ö–∞),https://vk.com/club38381942,20593,756,1259,288,1/24
–í–°–Å –ü–†–û –î–ï–ù–¨–ì–ò - –ö–ê–ö –ó–ê–†–ê–ë–û–¢–ê–¢–¨ –ò –°–¢–ê–¢–¨ –ë–û–ì–ê–¢–´–ú?,https://vk.com/club42662016,88170,734,10,130,1/24
"–¢–µ—Ä—Ä–∏—Ç–æ—Ä–∏—è –£—Å–ø–µ—Ö–∞| –ë–∏–∑–Ω–µ—Å, —É—Å–ø–µ—Ö, —Å–∞–º–æ—Ä–∞–∑–≤–∏—Ç–∏–µ",https://vk.com/club44053412,195874,697,10753,144,1/24
–ö–∞–∫–æ–π –±–∏–∑–Ω–µ—Å –æ—Ç–∫—Ä—ã—Ç—å,https://vk.com/club115683886,70163,693,11341,144,1/24
"–ú–æ—Ç–∏–≤–∞—Ü–∏—è - –¥—É–º–∞–π –∏–Ω–∞—á–µ, –±—É–¥—å –ª—É—á—à–µ!",https://vk.com/club104392454,59845,679,6653,62,1/24
–ñ–ö –ö–∞–º–µ–Ω–∫–∞/–ù–æ–≤–∞—è –ö–∞–º–µ–Ω–∫–∞/–ù–∞ –ö–æ—Ä–æ–ª–µ–≤–∞ –°–£-155,https://vk.com/club35608560,12112,662,1253,1152,2/48
–ß–∞—Å—Ç–Ω—ã–π –ø—Ä–µ–¥–ø—Ä–∏–Ω–∏–º–∞—Ç–µ–ª—å,https://vk.com/club84197863,96386,575,12061,144,1/24
"Wiki Business - –±–∏–∑–Ω–µ—Å, —Å—Ç–∞—Ä—Ç–∞–ø",https://vk.com/club49294900,147367,500,1545,188,1/72
"–ñ–ö ""–ê–∫–∞–¥–µ–º-–ü–∞—Ä–∫"" | –ì—Ä—É–ø–ø–∞ –∂–∏–ª—å—Ü–æ–≤",https://vk.com/club112844875,5337,430,184,720,24/48
–ö–æ–ø–∏—Ä–∞–π—Ç–∏–Ω–≥,https://vk.com/club54408002,13903,381,59,116,8/24
–î–æ—Å–∫–∞ –æ–±—ä—è–≤–ª–µ–Ω–∏–π –î–ò–í–ù–û–ì–û–†–°–ö,https://vk.com/club77152243,10634,367,2613,29,1/24
"–¢–æ—Ä–≥–æ–≤–∞—è —Å–∏—Å—Ç–µ–º–∞ ""–†–∞–¥—É–≥–∞""",https://vk.com/club122940397,26763,359,16,216,1/24
"–î–æ–ª—å—â–∏–∫–∏ –ñ–ö ""–ú–∞—Ç–µ—Ä–∏–∫"" | –º.–î–µ–≤—è—Ç–∫–∏–Ω–æ | –ü–µ—Ç—Ä–æ—Å—Ç—Ä–æ–π",https://vk.com/club31499449,12979,351,3,72,2/24
–†–∞–±–æ—Ç–∞ –¥–ª—è —Ç–∞–ª–∞–Ω—Ç–ª–∏–≤—ã—Ö –ª—é–¥–µ–π (+ —É–¥–∞–ª–µ–Ω–∫–∞),https://vk.com/club80845765,29476,343,1368,159,1/48
–ó–∞—Ä–∞–±–æ—Ç–æ–∫ –≤ –∏–Ω—Ç–µ—Ä–Ω–µ—Ç–µ,https://vk.com/club33595909,62382,310,352,58,1/25
–ë–∏–∑–Ω–µ—Å,https://vk.com/club40119410,117874,287,641,15,1/24
–ë–∏–∑–Ω–µ—Å —Ü–∏—Ç–∞—Ç—ã | –ú–æ—Ç–∏–≤–∞—Ü–∏—è,https://vk.com/club49677715,196337,284,1930,36,1/24
–í–ü–æ–∏—Å–∫–µ.–ï–∫–∞—Ç–µ—Ä–∏–Ω–±—É—Ä–≥ - —Å–Ω—è—Ç—å –∫–≤–∞—Ä—Ç–∏—Ä—É / –∫–æ–º–Ω–∞—Ç—É,https://vk.com/club133717052,6907,284,1,44,1/72
–ö–≤–∞—Ä—Ç–∏—Ä—ã –Ω–∞ —Å—É—Ç–∫–∏ –ò–∂–µ–≤—Å–∫,https://vk.com/club173281676,2987,266,36,216,1/72
–ë–∏–∑–Ω–µ—Å,https://vk.com/club37686027,80906,228,1,15,1/24
–£—Ç–∫–∏–Ω–∞ –ó–∞–≤–æ–¥—å  –õ–∞—Å—Ç–æ—á–∫–∏–Ω–æ –≥–Ω–µ–∑–¥–æ  –ñ–ö –ü—Ä–∏–Ω–µ–≤—Å–∫–∏–π,https://vk.com/club36606293,6157,223,876,288,1/24
–ù–æ–≤–æ—Å—Ç–∏ –ù–µ–¥–≤–∏–∂–∏–º–æ—Å—Ç–∏. –ó–∞–∫–æ–Ω—ã. –ò–ø–æ—Ç–µ–∫–∞.,https://vk.com/club28369468,10174,207,583,101,1/24
–ö–£–ü–õ–Æ - –ü–†–û–î–ê–ú –°–ê–ú–ê–†–ê,https://vk.com/club5014644,45865,204,3647,72,1/48
–°–µ—Ç–µ–≤–æ–π –º–∞—Ä–∫–µ—Ç–∏–Ω–≥ ‚Ä¢ –ú–õ–ú,https://vk.com/club114047121,71497,203,430,72,2/72
–í–ü–æ–∏—Å–∫–µ.–ö–∞–∑–∞–Ω—å - —Å–Ω—è—Ç—å –∫–≤–∞—Ä—Ç–∏—Ä—É/–∫–æ–º–Ω–∞—Ç—É | –ê—Ä–µ–Ω–¥–∞,https://vk.com/club133719961,8247,198,4,72,1/72
–ü—Ä–æ–¥–≤–∏–∂–µ–Ω–∏–µ —Å–∞–π—Ç–æ–≤ | Big SEO,https://vk.com/club34289450,61860,167,3,720,1/24
–ê—Ä–µ–Ω–¥–∞ –ï–∫–∞—Ç–µ—Ä–∏–Ω–±—É—Ä–≥,https://vk.com/club123450146,53786,160,1202,144,1/24
–ë–∏–∑–Ω–µ—Å | –î–µ–Ω—å–≥–∏ | Money,https://vk.com/club80979360,7438,153,0,36,2/48
–ù–µ–¥–≤–∏–∂–∏–º–æ—Å—Ç—å –ê—Ä–µ–Ω–¥–∞ –ü—Ä–æ–¥–∞–∂–∞ –∫–≤–∞—Ä—Ç–∏—Ä –ö—Ä–∞—Å–Ω–æ—è—Ä—Å–∫,https://vk.com/club45016494,36158,142,733,216,1/48
"""Fashion ·É¶ Style""",https://vk.com/club43375644,2933,127,1,44,1/24
–ë–∏–∑–Ω–µ—Å,https://vk.com/club40363256,47727,123,0,15,1/24
–†–µ—Ñ–µ—Ä–∞–ª—ã/–ó–∞—Ä–∞–±–æ—Ç–æ–∫ –≤ –∏–Ω—Ç–µ—Ä–Ω–µ—Ç–µ/–ü—Ä–æ—Å—Ç—ã–µ –º–µ—Ç–æ–¥—ã.,https://vk.com/club136371527,12158,119,7,72,2/24
–¢–∏–ø–∏—á–Ω—ã–π –ë–∏–∑–Ω–µ—Å–º–µ–Ω,https://vk.com/club27336922,15159,105,0,29,1/12
–ö–∞–∫ –∑–∞—Ä–∞–±–æ—Ç–∞—Ç—å –¥–µ–Ω—å–≥–∏ –≤ –∏–Ω—Ç–µ—Ä–Ω–µ—Ç–µ,https://vk.com/club164146476,16290,96,1,72,24/48
–î–µ–Ω—å–≥–∏,https://vk.com/club45131082,18308,95,255,144,1/24
–î–æ–º–∞—à–Ω—è—è –µ–¥–∞ –∏ —Ñ–µ—Ä–º–µ—Ä—Å–∫–∏–µ –ø—Ä–æ–¥—É–∫—Ç—ã,https://vk.com/club143104947,54715,79,215,72,2/72
–°–Ω–∏–º—É –°–¥–∞–º –ê—Ä–µ–Ω–¥–∞ –ö–≤–∞—Ä—Ç–∏—Ä—ã –°—Ç—É–¥–∏–∏ –ö—Ä–∞—Å–Ω–æ–¥–∞—Ä,https://vk.com/club85367328,18060,66,78,144,1/24
–£–°–ü–ï–• –∏ –î–ï–ù–¨–ì–ò.,https://vk.com/club123171849,6919,64,4,29,1/24
"–î–æ–ø–æ–ª–Ω–∏—Ç–µ–ª—å–Ω—ã–π –∑–∞—Ä–∞–±–æ—Ç–æ–∫, –∏–Ω–≤–µ—Å—Ç–∏—Ü–∏–∏",https://vk.com/club164210638,16394,48,29,15,1/72
–°–¥–∞–º/—Å–Ω–∏–º—É –∫–≤–∞—Ä—Ç–∏—Ä—É –±–µ–∑ –ø–æ—Å—Ä–µ–¥–Ω–∏–∫–æ–≤,https://vk.com/club102951011,1440,47,189,72,1/24
–î–µ–ª–æ-–ê—Ä—Ö–∏–≤-–•–ê–°–°–ü,https://vk.com/club8117983,2772,45,8,36,1/24
ByBit,https://vk.com/club39308200,7463,44,8,288,24/24
"Pocket Option (–ü–æ–∫–µ—Ç –æ–ø—Ü–∏–æ–Ω) —Å–∏–≥–Ω–∞–ª—ã, –æ–±—É—á–µ–Ω–∏–µ",https://vk.com/club140214342,16030,44,23,360,1/24
–ù–µ–¥–≤–∏–∂–∏–º–æ—Å—Ç—å –≤ –ë–∞—Ä–Ω–∞—É–ª–µ,https://vk.com/club71329966,1286,34,8,29,1/24
–î–æ–±–∞–≤—å –≤ –¥—Ä—É–∑—å—è | –ü–∏–∞—Ä,https://vk.com/club182007955,10123,34,35,15,1/24
–§–°–ë,https://vk.com/club18482719,1062,32,22,32,1/24
–ú–∞–º–∞ –≤ –¥–µ–∫—Ä–µ—Ç–µ,https://vk.com/club76925531,20077,31,20,5,1/24
–•–ê–õ–Ø–í–ê –°–ö–ò–î–ö–ò %,https://vk.com/club192733102,23247,29,78,144,1/24
–ë–∞–∑–∞ –û—Ç–¥—ã—Ö–∞ –Ω–∞ –±–µ—Ä–µ–≥—É –í—É–æ–∫—Å—ã!!!,https://vk.com/club190833694,2948,28,48,29,1/24
–î–µ–Ω—å–≥–∏ | –ë–∏–∑–Ω–µ—Å | –†–∞–±–æ—Ç–∞ | –ò–Ω–≤–µ—Å—Ç–∏—Ü–∏–∏,https://vk.com/club74116201,25655,27,47,36,1/48
–Å- –ë–∞–Ω—ã–π –∫—Ä–æ–∫–æ–¥–∏–ª,https://vk.com/club192597530,12628,27,209,144,1/24
"–ê–î–í–û–ö–ê–¢ –í –ò–°–ü–ê–ù–ò–ò, –Æ–†–ò–°–¢–´, –í–ò–î –ù–ê –ñ–ò–¢–ï–õ–¨–°–¢–í–û",https://vk.com/club64911374,3379,26,9,576,12/48
–û–±—ä—è–≤–ª–µ–Ω–∏—è | –£—Å–ª—É–≥–∏ | –°–µ–≤–µ—Ä–æ-–ó–∞–ø–∞–¥ | –†–æ—Å—Å–∏—è,https://vk.com/club166227657,2120,19,1,44,1/24
Live –ë–∞—Ä–Ω–∞—É–ª | –æ–±—ä—è–≤–ª–µ–Ω–∏—è –ø—Ä–æ–¥–∞–º –æ—Ç–¥–∞–º —É—Å–ª—É–≥–∏,https://vk.com/club73117675,11540,17,452,15,1/24
–¢–£–õ–ê –û–ë–™–Ø–í–õ–ï–ù–ò–Ø –ë–ï–°–ü–õ–ê–¢–ù–û –î–û–°–ö–ê –û–ë–™–Ø–í–õ–ï–ù–ò–ô –¢—É–ª–µ.,https://vk.com/club68437028,14035,16,374,72,1/24
–†–£–°–°–ö–ò–ô –ê–î–í–û–ö–ê–¢ –í –ò–°–ü–ê–ù–ò–ò / –í–ò–î –ù–ê –ñ–ò–¢–ï–õ–¨–°–¢–í–û,https://vk.com/club52037457,1025,13,4,576,12/48
–ê—Ä–µ–Ω–¥–∞ –ï–∫–∞—Ç–µ—Ä–∏–Ω–±—É—Ä–≥,https://vk.com/club121122313,6439,13,5,3,1/48
–•–∞–ª—Ç—É—Ä–∞ –ï–∫–∞—Ç–µ—Ä–∏–Ω–±—É—Ä–≥|–ü–æ–¥—Ä–∞–±–æ—Ç–∫–∞|–£—Å–ª—É–≥–∏|–†–∞–±–æ—Ç–∞,https://vk.com/club142125568,1082,13,25,8,1/24
–ó–∞–ø–∏—Å–∫–∏ –±–æ–≥–∞—Ç—ã—Ö,https://vk.com/club47854735,8525,12,0,4,1/24
–£—Å–ª—É–≥–∏ —ç–ª–µ–∫—Ç—Ä–∏–∫–∞ –ò–ñ–ï–í–°–ö. –≠–ª–µ–∫—Ç—Ä–æ–º–æ–Ω–∞–∂–Ω—ã–µ —Ä–∞–±–æ—Ç—ã!,https://vk.com/club114824516,2469,12,0,144,1/24
–°–í–û–ô –£–°–ü–ï–• –ú–´ –°–û–ó–î–ê–ï–ú –°–ê–ú–ò,https://vk.com/club144042458,2047,11,10,22,1/24
–≠–∫–æ–Ω–æ–º–∏–∫–∞ | –ë–∏–∑–Ω–µ—Å,https://vk.com/club38212432,1355,10,9,144,1/24
–•–µ—Ä—Å–æ–Ω –û–¥–µ—Å—Å–∞ –æ–±—ä—è–≤–ª–µ–Ω–∏—è –Ω–µ–¥–≤–∏–∂–∏–º–æ—Å—Ç—å –∞—Ä–µ–Ω–¥–∞,https://vk.com/club68422574,10905,8,0,144,1/24
–ö–æ–º–º–µ—Ä—á–µ—Å–∫–∏–µ –æ–±—ä—è–≤–ª–µ–Ω–∏—è,https://vk.com/club73100292,3172,7,313,72,1/24
–°–ê–ú–ê–†–ê|–û–°–ê–ì–û|–°–¢–†–ê–•–û–í–ö–ê –í –°–ê–ú–ê–†–ï|–ö–ê–°–ö–û|–¢–ï–•–û–°–ú–û–¢–†,https://vk.com/club156395581,3254,7,15,11,1/24
–ñ–∏–ª—å—ë –≤ –ö—Ä—ã–º—É –±–µ–∑ –ø–æ—Å—Ä–µ–¥–Ω–∏–∫–æ–≤ ‚Ä¢ –ê—Ä–µ–Ω–¥–∞ ‚Ä¢ –ü—Ä–æ–¥–∞–∂–∞,https://vk.com/club175921696,2627,7,34,144,4/72
–ù–µ–¥–≤–∏–∂–∏–º–æ—Å—Ç—å –ú–æ—Å–∫–≤–∞ | –°–Ω—è—Ç—å –∫–≤–∞—Ä—Ç–∏—Ä—É –ú–°–ö,https://vk.com/club166595275,1131,4,71,72,1/24
–ë–∏–∑–Ω–µ—Å –≤ –†–æ—Å—Å–∏–∏ - –∫–∞–∫ —Å—Ç–∏–ª—å –∂–∏–∑–Ω–∏,https://vk.com/club209554108,4742,4,232,288,2/24
–§–∏–Ω–∞–Ω—Å—ã | –ö—Ä–µ–¥–∏—Ç—ã,https://vk.com/club39347556,1448,3,2,72,1/24
–§—Ä–∞–Ω—à–∏–∑–∞ | –§—Ä–∞–Ω—á–∞–π–∑–∏–Ω–≥ | –ë–∏–∑–Ω–µ—Å,https://vk.com/club4814,3649,0,0,15,4/48
Pro–±–∏–∑–Ω–µ—Å | –ê–≤—Ç–æ—Ä—Å–∫–∏–π –±–ª–æ–≥ –æ –±–∏–∑–Ω–µ—Å–µ,https://vk.com/club7353,17614,0,8,1440,1/24
–ë–∏–∑–Ω–µ—Å –≤ –∏–Ω—Ç–µ—Ä–Ω–µ—Ç,https://vk.com/club9258,5816,0,27,44,3/24
"–§–ö ""–ö—É–±–∞–Ω—å"" (–ö—Ä–∞—Å–Ω–æ–¥–∞—Ä)",https://vk.com/club9689,21141,0,1,288,1/24
–ü—Ä–æ–¥–∞–º | –ö—É–ø–ª—é –Æ–¢–£–ë –ö–∞–Ω–∞–ª  –ë–∏—Ä–∂–∞ YOUTUBE,https://vk.com/club29993,3434,0,9,15,1/24
Braininvest - –ò–Ω–≤–µ—Å—Ç–∏—Ä—É–π —Å —É–º–æ–º,https://vk.com/club34920,1869,0,0,62,1/24
–ù–µ–¥–≤–∏–∂–∏–º–æ—Å—Ç—å –ö–æ—Ç–ª–∞—Å–∞ –∏ –ö–æ—Ä—è–∂–º—ã,https://vk.com/club42868,5679,0,1679,72,1/72
"–°–º–æ—Ç—Ä–∏, —á—Ç–æ —è —Å–¥–µ–ª–∞–ª –∏–∑ –º–µ—Ç–∞–ª–ª–∞! –ú–µ—Ç–∞–ª–ª–æ–¥—Ä–æ–º.",https://vk.com/club58544,4323,0,0,321,1/24
–ú–õ–ú –õ–∏–¥–µ—Ä –û–Ω–ª–∞–π–Ω,https://vk.com/club62344,2267,0,2,62,24/48
–ñ–ö –Æ–Ω—Ç–æ–ª–æ–≤–æ | –ù–µ–æ—Ñ–∏—Ü–∏–∞–ª—å–Ω–∞—è –≥—Ä—É–ø–ø–∞,https://vk.com/club85085,6612,0,2311,1440,1/24
–°–µ—Ç–µ–≤–æ–π –º–∞—Ä–∫–µ—Ç–∏–Ω–≥ | –ú–õ–ú –±–∏–∑–Ω–µ—Å | MLM,https://vk.com/club93279,16149,0,14,58,1/24
–õ–µ–Ω–∏–Ω–¥–∞—Ä–Ω–æ - –≤–∏—Ä—Ç—É–∞–ª—å–Ω—ã–µ –ø–æ–ª—ë—Ç—ã(—Å–æ—Ü.–ø—Ä–æ–µ–∫—Ç),https://vk.com/club125497,1231,0,0,44,12/24
–°–Ω—è—Ç—å –ö—É–ø–∏—Ç—å –∫–≤–∞—Ä—Ç–∏—Ä—É –≤ –ú–æ—Å–∫–≤–µ –∏ –ü–µ—Ç–µ—Ä–±—É—Ä–≥–µ,https://vk.com/club156782,103699,0,708,360,5/72
*** N  E  F  T  E  G  A  Z ***,https://vk.com/club189751,5221,0,0,72,2/24
–†–µ–∫–ª–∞–º–Ω–æ–µ –∞–≥–µ–Ω—Ç—Å—Ç–≤–æ FOX –ü–µ—Ç–µ—Ä–±—É—Ä–≥/ rafox.ru,https://vk.com/club203790,1872,0,0,29,1/24
"–†–æ—Å–ª—è–∫–æ–≤–æ | –û–±—â–µ–Ω–∏–µ, –Ω–æ–≤–æ—Å—Ç–∏, —Ä–µ–∫–ª–∞–º–∞",https://vk.com/club326174,10943,0,2535,360,1/24
–ü–†–û–î–í–ò–ñ–ï–ù–ò–ï –í –ò–ù–°–¢–ê–ì–†–ê–ú INSTAGRAM,https://vk.com/club478276,11496,0,1,359,1/24
–ù–µ–¥–≤–∏–∂–∏–º–æ—Å—Ç—å –°–∞–Ω–∫—Ç-–ü–µ—Ç–µ—Ä–±—É—Ä–≥–∞,https://vk.com/club541191,22688,0,427,321,6/48
–¶–µ–Ω—Ç—Ä –ü–µ—Ä–≤–∏—á–Ω–æ–π –ù–µ–¥–≤–∏–∂–∏–º–æ—Å—Ç–∏,https://vk.com/club629718,1132,0,0,11,1/24
#–¢–æ–∫–∞—Ä—å - —ç—Ç–æ –∑–≤—É—á–∏—Ç –≥–æ—Ä–¥–æ!,https://vk.com/club660739,10994,0,3234,144,1/24
–°–∏—Å—Ç–µ–º–∞ –ú–µ–Ω–µ–¥–∂–º–µ–Ω—Ç–∞ –ö–∞—á–µ—Å—Ç–≤–∞,https://vk.com/club691335,9961,0,1283,720,4/24
–Æ—Ä–∏—Å—Ç—ã –∏ –∞–¥–≤–æ–∫–∞—Ç—ã: –±–µ—Å–ø–ª–∞—Ç–Ω–∞—è —é—Ä–∏–¥–∏—á–µ—Å–∫–∞—è –ø–æ–º–æ—â—å,https://vk.com/club702176,64575,0,9302,720,1/48
–¢—é–º–µ–Ω—Å–∫–∏–π —Ü–µ–Ω—Ç—Ä –ù–õ–ü,http://vk.com/club789808,3414,0,24,36,1/24
VINE VIDEO,https://vk.com/club828999,126833,0,12,432,1/24
–ö–∞–Ω–∞—à,https://vk.com/club832344,13328,0,5,432,4/72
–Ø - –î—É—à–∞...,http://vk.com/club1015853,2054,0,19,3,3/3
[–¢–ï]  –¢–∏–ø–∏—á–Ω—ã–π –ï–ª–∞–Ω—Å–∫–∏–π,https://vk.com/club1270597,4512,0,408,116,1/24
–°–¢–†–û–ò–¢–ï–õ–¨–°–¢–í–û. –¢–û–õ–ö–û–í–´–ô –°–õ–û–í–ê–†–¨ –í.–ß–ï–†–ù–´–®–ï–í–ê,https://vk.com/club1347660,1679,0,0,44,1/24
"–Æ–ñ–ù–ê–Ø –ì–†–£–ü–ü–ê –í–û–ô–°–ö|–Æ–ì–í|–ü–û–ò–°–ö –°–û–°–õ–£–ñ–ò–í–¶–ï–í, –î–†–£–ó–ï–ô",https://vk.com/club1398135,1694,0,11,72,3/50
–ñ–ò–õ–¨–Å - –î–†–£–ó–¨–Ø–ú [–±–µ–∑ –∞–≥–µ–Ω—Ç–æ–≤] —Å–¥–∞–º —Å–Ω–∏–º—É –°–ü–±,https://vk.com/club1571699,5403,0,439,57,1/24
–ü—Ä–∏–≤–æ–ª–∂—Å–∫–∏–π –º–∏–∫—Ä–æ—Ä–∞–π–æ–Ω (–°–∞–º–∞—Ä–∞),https://vk.com/club1611360,2411,0,85,144,1/24
"–£–°–ù, –ï–ù–í–î, –ü–ê–¢–ï–ù–¢ | –ü–û–ú–û–©–¨ –ü–†–ï–î–ü–†–ò–ù–ò–ú–ê–¢–ï–õ–Ø–ú",https://vk.com/club1727990,1604,0,0,432,6/72
–î–æ—Å–∫–∞ –æ–±—ä—è–≤–ª–µ–Ω–∏–π –ö—Ä–∏–ø—Ç–æ–≤–∞–ª—é—Ç–∞ –ë–∏—Ç–∫–æ–∏–Ω –ú–∞–π–Ω–∏–Ω–≥ BT,https://vk.com/club1807255,1333,0,0,57,24/48
–°–¥–∞–º | –°–Ω–∏–º—É | –ê—Ä–µ–Ω–¥–∞ | –°–æ–±—Å—Ç–≤–µ–Ω–Ω–∏–∫–∏ –ß–µ–ª—è–±–∏–Ω—Å–∫,https://vk.com/club1831748,17261,0,483,144,1/24
–ö—Ä–∞–ø–∏–≤–∞,https://vk.com/club1980138,8070,0,0,22,2/48
"Ekportal: –∏–Ω–≤–µ—Å—Ç–∏—Ü–∏–∏, —Ñ–∏–Ω–∞–Ω—Å—ã –∏ —ç–∫–æ–Ω–æ–º–∏–∫–∞!",https://vk.com/club2042434,21323,0,153,288,12/72
–ë–∏–∑–Ω–µ—Å –∏ –º–æ—Ç–∏–≤–∞—Ü–∏—è ‚úî,https://vk.com/club2173853,10155,0,0,148,2/72
WebMoney Transfer –í–≤–æ–¥/–í—ã–≤–æ–¥ –≤–µ–±–º–∞–Ω–∏.,https://vk.com/club2252665,1826,0,0,216,1/24
YouTube - –ü–ò–ê–†*–†–ï–ö–õ–ê–ú–ê*–†–ê–°–ö–†–£–¢–ö–ê - –í–ê–®–ï–ì–û –ö–ê–ù–ê–õ–ê,https://vk.com/club2304966,1017,0,10,11,1/56
–î–æ—Å–∫–∞ –æ–±—ä—è–≤–ª–µ–Ω–∏–π –≥.–ü–µ—Ç—Ä–æ–ø–∞–≤–ª–æ–≤—Å–∫!!!,https://vk.com/club2415580,2782,0,32,6,10/24
–î–æ—Å—Ç–∞–≤–∫–∞ –ñ–∏–≤–æ—Ç–Ω—ã—Ö,https://vk.com/club2564134,1523,0,0,72,1/24
–û –Ω–µ–¥–≤–∏–∂–∏–º–æ—Å—Ç–∏ | –ë–ª–æ–≥ –î–µ–Ω–∏—Å–∞ –í–µ—Ç—Ä–µ–Ω–Ω–∏–∫–æ–≤–∞,https://vk.com/club2700243,1361,0,0,51,1/24
"| –†–∞–±–æ—Ç–∞ | –ö–ª–∏–Ω , –°–æ–ª–Ω–µ—á–Ω–æ–≥–æ—Ä—Å–∫ , –ó–µ–ª–µ–Ω–æ–≥—Ä–∞–¥ |",https://vk.com/club2904334,5436,0,13,58,1/24
2 –°–ï–ù–¢–Ø–ë–†–Ø –õ–£–ß–®–ò–ô –ü–†–ê–ó–î–ù–ò–ö –í –ì–û–î–£!!!,https://vk.com/club2951660,3495,0,0,15,24/72
–°–¥–∞–º –ö—É–ø–ª—é –ü—Ä–æ–¥–∞–º –°–Ω–∏–º—É –±–µ–∑ –ø–æ—Å—Ä–µ–¥–Ω–∏–∫–æ–≤ –¢—é–º–µ–Ω—å,https://vk.com/club3144387,15626,0,551,144,2/24
–ó–ê–†–ê–ë–û–¢–û–ö –ù–ê –ê–õ–ò–≠–ö–°–ü–†–ï–°–°,https://vk.com/club3200113,3123,0,0,58,1/24
"–°–æ–æ–±—â–µ—Å—Ç–≤–æ –ë–æ–≥–∞—Ç–æ–≥–æ –ü–∞–ø—ã: –±–∏–∑–Ω–µ—Å, –∏–Ω–≤–µ—Å—Ç–∏—Ü–∏–∏",https://vk.com/club3250628,253333,0,9822,288,1/24
–ë–∏–∑–Ω–µ—Å | –£–∫—Ä–∞–∏–Ω–∞,https://vk.com/club3252209,11526,0,0,32,4/24
–ë–∞—Ä–∞—Ö–æ–ª–∫–∞ –£–∫—Ä–∞–∏–Ω–∞ UA  –£–∫—Ä–∞—ó–Ω–∞,http://vk.com/club3287806,17109,0,0,32,3/3
–†–∞–±–æ—Ç–∞  –∏ –ñ–∏–ª—å–µ –¥–ª—è –º—É—Å—É–ª—å–º–∞–Ω,https://vk.com/club3538995,13487,0,627,12,1/24
GO.AGENCY,https://vk.com/club3550596,1909,0,0,62,1/24
"–ü–æ–º–æ—â–Ω–∏–∫ —Å—Ç—É–¥–µ–Ω—Ç–∞, –ü–æ–º—Å—Ç—É–¥.—Ä—Ñ",https://vk.com/club3625977,36910,0,48,144,1/24
"–ë–ï–ó–û–ü–ê–°–ù–´–ï –î–ï –î–†–ï–î–´, –ù–ê–†–ê–©–ò–í–ê–ù–ò–ï –í–û–õ–û–° –≤ –û–¥–µ—Å—Å–µ",https://vk.com/club3742954,2228,0,1,782,1/24
"–ë–∏–∑–Ω–µ—Å-–∏–¥–µ–∏, –∏–Ω–≤–µ—Å—Ç–∏—Ü–∏–∏ –∏ –∫—Ä–µ–¥–∏—Ç—ã",https://vk.com/club3800580,204287,0,19132,519,1/24
–ë–ò–ó–ù–ï–°-–°–û–û–ë–©–ï–°–¢–í–û ‚òÖ  –ë–ò–ó–ù–ï–° –ü–û–î –ö–õ–Æ–ß  ‚òÖ,https://vk.com/club3985811,7628,0,0,58,3/12
–≠—Ä–æ—Ç–∏—á–µ—Å–∫–∞—è –ª–∏—Ç–µ—Ä–∞—Ç—É—Ä–∞,https://vk.com/club4184554,8687,0,0,22,1/72
–ö–æ–ø–∏—Ä–∞–π—Ç–µ—Ä. –°—Ç—É–¥–∏—è –∫–æ–ø–∏—Ä–∞–π—Ç–∏–Ω–≥–∞ Inspiration.,https://vk.com/club4291063,2138,0,0,44,1/17
<<<<<<–¢–¢–≠–ö –∏–º.–ê.–ì.–†–æ–≥–æ–≤–∞ (Official Group)>>>>>>>,https://vk.com/club4352600,1016,0,1,29,1/24
QR –∫–æ–¥—ã –¥–ª—è Cartoon Network,https://vk.com/club4478912,1479,0,1,29,1/24
–ú–µ—Å—è–≥—É—Ç–æ–≤–æ À†,https://vk.com/club4548151,14632,0,1289,101,1/24
‚úî –°–ê–ú–û–†–ê–ó–í–ò–¢–ò–ï,https://vk.com/club4554964,1722,0,0,36,1/12
–ù–µ–¥–≤–∏–∂–∏–º–æ—Å—Ç—å –≤–æ –†–∂–µ–≤–µ –∏ –¢–≤–µ—Ä—Å–∫–æ–π –æ–±–ª–∞—Å—Ç–∏,https://vk.com/club4755097,1115,0,30,144,1/24
–°–Ω—è—Ç—å/–°–¥–∞—Ç—å/–ö–≤–∞—Ä—Ç–∏—Ä–∞/–ö–æ–º–Ω–∞—Ç–∞/–£—Ñ–∞/–≤ –£—Ñ–µ,https://vk.com/club4819453,6564,0,70,3,1/24
–≠–ª–≤–∏–Ω –ì—Ä–µ–π,https://vk.com/club4861809,174547,0,8783,7200,24/24
–ù–ï–î–í–ò–ñ–ò–ú–û–°–¢–¨  |  –ê–†–ï–ù–î–ê –ö–í–ê–†–¢–ò–† |  –û–ë–™–Ø–í–õ–ï–ù–ò–Ø,https://vk.com/club4882385,16473,0,778,29,1/48
–ù–ï–î–í–ò–ñ–ò–ú–û–°–¢–¨ –í –°–û–ß–ò ‚Ññ1,https://vk.com/club4921399,5001,0,59,72,6/24
–†–µ–≥–∏–æ–Ω–∞–ª—å–Ω–∞—è –§–∞–±—Ä–∏–∫–∞ –ë–∏–∑–Ω–µ—Å–æ–≤,https://vk.com/club5165304,10055,0,0,72,2/24
–ñ–ë–ò. –ë–ª–æ–∫–∏. –ö–µ—Ä–∞–º–∑–∏—Ç. –ü–æ–ª—É—Å—Ñ–µ—Ä—ã. –ö–æ–ª—å—Ü–∞. –§–±—Å.,https://vk.com/club5396833,1266,0,0,12,24/48
B2B Jewelry ‚Äî –∑–∞—Ä–∞–±–æ—Ç–æ–∫/–≤—ã–ø–ª–∞—Ç—ã –µ–∂–µ–Ω–µ–¥–µ–ª—å–Ω–æ/–ú–õ–ú,https://vk.com/club5418861,4691,0,0,72,1/24
"–í–ï–°–Å–õ–´–ô –ë–ê–ù–ö–ò–†: –ë–∏–∑–Ω–µ—Å, —Ñ–∏–Ω–∞–Ω—Å—ã, –±–∞–Ω–∫–∏, —é–º–æ—Ä",https://vk.com/club5485546,2615,0,1,8,1/24
"[T–ú–ü] –¢–ò–ü–ò–ß–ù–´–ô –ú–ï–ù–ï–î–ñ–ï–† –ü–û –ü–†–û–î–ê–ñ–ê–ú (–û–§–ò–°, –î–û–ú)",https://vk.com/club5500113,1228,0,23,32,2/24
–°—Ç–æ–ª - —Ä–µ–∫–∞ | –Ø–ú–µ–±–µ–ª—å,https://vk.com/club5651807,18180,0,0,148,1/24
–ó–∞—Ä–∞–±–æ—Ç–æ–∫ –≤ –∏–Ω—Ç–µ—Ä–Ω–µ—Ç–µ. –ò–Ω—Ñ–æ–±–∏–∑–Ω–µ—Å. –û–±—É—á–µ–Ω–∏–µ.,https://vk.com/club5658693,72811,0,0,101,2/48
–ê—Å—Å–æ—Ü–∏–∞—Ü–∏—è —Ñ—Ä–∞–Ω—á–∞–π–∑–∏–Ω–≥–∞ –£–∫—Ä–∞–∏–Ω—ã,https://vk.com/club5699721,1285,0,0,15,1/24
–ê–º–µ—Ä–∏–∫–∞–Ω—Å–∫–∏–π –ü–∞–ø–∞—à–∞ | American Dad,https://vk.com/club6059235,59004,0,6220,135,2/24
–ü–∏–∞—Ä –†–µ–∫–ª–∞–º–∞ –ì—Ä—É–ø–ø,https://vk.com/club6066800,1178,0,3,8,1/24
–ö–∞–¥–∞—Å—Ç—Ä–æ–≤–∞—è –ø–∞–ª–∞—Ç–∞ (–∫–∞–¥–∞—Å—Ç—Ä –†–§),https://vk.com/club6126596,10991,0,144,72,1/24
¬≠¬≠¬≠¬≠¬≠–ö—É–ø–ª—é-–ø—Ä–æ–¥–∞–º (–ù–æ–≤–æ–∫—É–π–±—ã—à–µ–≤—Å–∫),https://vk.com/club6140597,2259,0,0,26,4/24
–°–¢–ê–†–¢–ê–ü | STARTUP,https://vk.com/club6160024,94818,0,333,360,1/24
Guna_my_home,https://vk.com/club6163594,1881,0,0,26,4/24
–ë–∏–∑–Ω–µ—Å –°—Ç–∞—Ä—Ç | Jeunesse,https://vk.com/club6181121,6491,0,0,10,1/24
"–ú—ã —Ä–∞–±–æ—Ç–∞–µ–º –≤ ""–ì–∞–∑–ø—Ä–æ–º–µ""",https://vk.com/club6306315,7686,0,0,72,3/36
–ê—Ä–µ–Ω–¥–∞ –ö—Ä–∞—Å–Ω–æ—è—Ä—Å–∫.–°–æ–±—Å—Ç–≤–µ–Ω–Ω–∏–∫,https://vk.com/club6313601,15111,0,615,51,1/24
–ê–∫—É–ª—ã –ë–∏–∑–Ω–µ—Å–∞,https://vk.com/club6317671,132274,0,13939,360,1/48
–ë–∏–∑–Ω–µ—Å –ò–¥–µ–∏,https://vk.com/club6379659,21307,0,1,245,2/24
–ú–µ–±–µ–ª—å –ü–µ–Ω–∑–∞ | HOME–ú–ï–ë–ï–õ–¨ | –ö—É—Ö–Ω–∏ –≤ –ü–µ–Ω–∑–µ,https://vk.com/club6537976,1418,0,0,6,12/12
"AliExpress, –ª—É—á—à–∏–µ —Ç–æ–≤–∞—Ä—ã –¥–æ 5$",https://vk.com/club6552114,18952,0,156,15,1/24
–ë–∏–∑–Ω–µ—Å Woman,https://vk.com/club6638644,327654,0,352,144,1/24
Zarplatto.ru,https://vk.com/club6640635,8180,0,110,144,12/72
–ü–æ–ª–µ–∑–Ω–∞—è —Å—Ç—Ä–∞–Ω–∏—á–∫–∞ –¥–ª—è PR-—Å—Ç—É–¥–µ–Ω—Ç–∞,https://vk.com/club6718896,8384,0,15,720,5/48
"–ë–∏—Ç–∫–æ–∏–Ω, –∫—Ä–∏–ø—Ç–æ–≤–∞–ª—é—Ç–∞",https://vk.com/club6722441,8919,0,1,116,4/24
"–°–Ω—è—Ç—å, —Å–¥–∞—Ç—å –∫–≤–∞—Ä—Ç–∏—Ä—É, –∫–æ–º–Ω–∞—Ç—É, –ö–∞–∑–∞–Ω—å.",https://vk.com/club7212345,23401,0,368,72,1/24
–ù–∞—Å—Ç–æ–ª—å–Ω—ã–µ –∏–≥—Ä—ã –≤ –°–∞–Ω–∫—Ç-–ü–µ—Ç–µ—Ä–±—É—Ä–≥–µ,https://vk.com/club7212715,2976,0,13,123,3/48
–î–æ—Ö–æ–¥ –æ–Ω–ª–∞–π–Ω | –ö—Ä—É–∏–∑–Ω—ã–π –∫–ª—É–±,https://vk.com/club7216593,4722,0,0,86,10/72
–°–º–æ–ª–µ–Ω—Å–∫. –°–∫–∏–¥–∫–∏ –ê–∫—Ü–∏–∏ –ü–æ–¥–∞—Ä–∫–∏ –ë–µ—Å–ø–ª–∞—Ç–Ω–æ –•–∞–ª—è–≤–∞,https://vk.com/club7929201,1441,0,5,3,3/72
"–ê—Ä–∏–∞–Ω. –ê–Ω—Ç–∏–∫—Ä–∏–∑–∏—Å. –†–µ–≥–∏—Å—Ç—Ä–∞—Ü–∏—è —Ñ–∏—Ä–º, –û–û–û,–ó–ê–û,–ò–ü",http://vk.com/club7971245,5590,0,0,12,2/48
–ö–ª–æ–Ω–¥–∞–π–∫ –∏–Ω—Ç–µ—Ä–Ω–µ—Ç-–º–∞—Ä–∫–µ—Ç–∏–Ω–≥–∞,https://vk.com/club8596136,1225,0,0,29,1/24
Venta - –Ω–µ–¥–≤–∏–∂–∏–º–æ—Å—Ç—å,https://vk.com/club8779662,3644,0,0,15,1/24
"Monkey Web –°–∞–π—Ç –≤–∏–∑–∏—Ç–∫–∞, –°–æ–∑–¥–∞–Ω–∏–µ —Å–∞–π—Ç–æ–≤",https://vk.com/club8841460,2317,0,0,10,1/24
–ê—Ä–µ–Ω–¥–∞ –∫–≤–∞—Ä—Ç–∏—Ä,http://vk.com/club8924975,6073,0,1,245,1/24
–ö–µ—à–±–µ—Ä–∏,https://vk.com/club9028316,1340,0,0,4,2/72
"–ù–ï–î–í–ò–ñ–ò–ú–û–°–¢–¨, –°–î–ê–ú, –°–ù–ò–ú–£, –ù–û–í–û–°–¢–†–û–ô–ö–ò",https://vk.com/club9029694,21693,0,87,123,1/24
‚òÖBON-BON SHOP‚òÖ –ö–æ—Ä–µ–π—Å–∫–∞—è –∫–æ—Å–º–µ—Ç–∏–∫–∞!,https://vk.com/club9172095,49214,0,0,288,2/24
–õ–∏—á–Ω—ã–π –±—Ä–µ–Ω–¥. –û—Å–Ω–æ–≤—ã,https://vk.com/club9192844,1106,0,0,36,1/24
"–ù–µ–ª–∏–∫–≤–∏–¥—ã, –æ–±–æ—Ä—É–¥–æ–≤–∞–Ω–∏–µ, –æ—Å—Ç–∞—Ç–∫–∏ | –û–±—ä—è–≤–ª–µ–Ω–∏—è",https://vk.com/club9203626,16615,0,225,346,1/48
–ö–ª—é—á –∫ —É—Å–ø–µ—Ö—É. –ú–æ—Ç–∏–≤–∞—Ü–∏—è!,https://vk.com/club9284094,14575,0,0,17,1/46
–°—Ç–∞—Ä—Ç–∞–ø - –ø–æ–∏—Å–∫ –∏–Ω–≤–µ—Å—Ç–æ—Ä–∞ –Ω–∞ napartner.ru,https://vk.com/club9289673,17939,0,5,245,12/24
