,client_id,gender,birth_date,create_date,nonresident_flag,city,contract_sum,product_category_name,card_id,card_type_name,start_date,fact_close_date,purchase_sum,purchase_count,current_balance_avg_sum,current_balance_sum,current_debit_turn_sum,current_credit_turn_sum,card_type
173669,be694713cbd0a3c9bca7762b456a7006,М,1966,2017-10-03,N,Смоленск,0,Договор на текущий счет для дебетовой карты,caccb1d181f33cfbeb5a95e27e86092b,VISA Classic Light,2021,-1,0,0,1500,0,1118500,1118500,dc
81880,18f3e44a57e0bcef7fe93d1d57b565f8,Ж,1954,2016-09-30,R,Благовещенск,60000,Кредитная карта,d3005e8ed301aebb5473123a52af8853,,-1,-1,8700,3,0,0,60200,60200,dc
3024,af75d828613b04c8b9d367010c5eeb46,Ж,1995,2016-10-18,R,Сибай,0,Договор на текущий счет для дебетовой карты,977e34ef05bdb052f11096cc5215b9c5,МИР СКБ,2021,-1,18100,21,6200,10000,37000,34900,dc
57521,72058e47e91bd7de585102c7434985b3,М,1976,2020-03-02,R,Стерлитамак,0,Договор на текущий счет для дебетовой карты,d358ef5e47a2dde583a14208eeda4525,МИР СКБ ЗП,2020,-1,6100,10,14600,4100,78600,70600,dc
3029,32880118e98da36dd3315720f94f2acf,М,1989,2019-06-11,R,Набережные Челны,0,Договор на текущий счет для дебетовой карты,0c61ba7e26549685b1ccdb235789214c,VISA Classic,2019,2019,0,0,0,0,0,0,dc
3030,e3b1e70db63293c7079cb01ed2588afa,М,2003,2019-11-15,R,Иглино,0,Договор на текущий счет для дебетовой карты,0d78543138c539583238d81b104afc00,,-1,-1,0,0,0,0,0,0,dc
135198,f1a8f08b46c0e05da6d88c90b6ee59f0,М,1975,2019-06-11,R,Набережные Челны,0,Договор на текущий счет для дебетовой карты,a449dacfb9897eae9dfb4fb91900bbdf,VISA Classic,2019,-1,0,0,3600,0,229700,229700,dc
9736,60f300d9fe4de485090b9fc67dbaf2c8,Ж,1986,2009-03-20,R,Уфа,0,Договор на текущий счет для дебетовой карты,70389931de14db49ec219b7f196bc7f4,МИР СКБ ЗП,2018,-1,100,1,100,0,100,0,dc
3035,fe1682072e34bc71df52b864719d157a,Ж,1936,2014-12-05,R,Уфа,0,Договор на текущий счет для дебетовой карты,2d4c13848911c275dfecc3b91e193a11,МИР СКБ,2019,-1,300,6,100,100,900,1000,dc
3036,014eafd069833fb536d54dbceea6566d,Ж,1964,2012-08-13,R,Вологда,15000,Договор на текущий счет для дебетовой карты,6dbd9d6c4e3678e09542a9edaa499810,VISA Classic,2019,2020,2800,3,1100,0,3800,3600,dc
3042,a28c11fd099b32674e4ffc5b88325474,М,1987,2020-03-17,R,Пермь,0,Договор на текущий счет для дебетовой карты,2b3adcade4d55665b6e2ad212ded654f,,-1,-1,0,0,0,0,0,0,dc
3043,fb21760b5f5cf93ac71676f482c9eaac,Ж,2001,2017-09-27,R,Ишимбай,0,Договор на текущий счет для дебетовой карты,eb9bb0bc4f8fad618563ad6c1c9f8e99,"Дебет карта ПС МИР ""Бюджетная""",2017,2020,0,0,0,0,0,0,dc
237832,f8f7a15ae243e12e702a1821b71a40c0,Ж,1991,2009-10-08,R,Стерлитамак,0,Договор на текущий счет для дебетовой карты,4fc0746a57e8fc3f1c6728f28367c203,МИР СКБ,2021,-1,10100,24,7000,1200,27200,22800,dc
237833,f8f7a15ae243e12e702a1821b71a40c0,Ж,1991,2009-10-08,R,Стерлитамак,0,Договор на текущий счет для дебетовой карты,dea35e08c8a67b9ee9aa98800aa24419,МИР СКБ,2017,2021,10100,24,7000,1200,27200,22800,dc
237834,f8f7a15ae243e12e702a1821b71a40c0,Ж,1991,2009-10-08,R,Стерлитамак,0,Договор на текущий счет для дебетовой карты,2bfaf9de5d48d00f63adc8d9b0de8e2c,МИР СКБ,2020,-1,10100,24,7000,1200,27200,22800,dc
257782,0444af966eaf2abbd18699b36d51894b,М,1990,2019-06-11,R,Набережные Челны,0,Договор на текущий счет для дебетовой карты,35473e9e9e3a05e6ae86941c25f4aa80,МИР Debit,2020,-1,39900,34,6600,4600,39900,44500,dc
103776,c7161c138d2fbd9ff6feb72d2cc80250,М,1978,2015-07-31,R,Москва,0,Договор на текущий счет для дебетовой карты,0a0ee8fb4104273eb50f7e28398b44b0,VISA Classic,2019,-1,11700,13,4100,36700,51500,84700,dc
69514,e05d8a758f54bcfdb7910dbbe51f1ca9,Ж,1991,2017-07-20,R,Москва,0,Договор на текущий счет для дебетовой карты,9b6f4dbf51824702219c49090c02274e,VISA Gold,2020,2021,94900,27,25400,0,571200,529400,dc
13849,20b224847ed0c4d498c7356fc837f662,Ж,1972,2017-06-29,R,Туймазы,2800,Договор на текущий счет для дебетовой карты,60abcf4262c27eef2f9b1bf169d305e4,"Дебет карта ПС МИР ""Бюджетная""",2019,2022,0,0,300,0,9200,9200,dc
278323,abe327da2cb3a734876cdfac5001fe0c,Ж,1971,2007-08-28,R,Краснодар,0,Договор на текущий счет для дебетовой карты,7a58e34581a3074076ea8f3514a89fc9,Eurocard/MasterCard World,2020,-1,90200,18,0,0,240300,240300,cc
30841,53694437e6687c82dfb453ff372831bf,М,1960,2020-06-10,R,Салават,0,Договор на текущий счет для дебетовой карты,465061c5445b072e7bfd45e5ac6fed9f,Eurocard/MasterCard Platinum,2020,2022,300,2,1800,0,10300,10300,dc
54992,0a83234b429b7dcf46045689e83a9065,Ж,1982,2018-10-08,R,Петрозаводск,0,Договор на текущий счет для дебетовой карты,adb49beceb90230896aadc640c8380db,VISA Gold,2021,-1,3700,14,16200,33100,246200,278800,dc
15932,5fa78110aae41869da49675a19154cf6,М,1982,2010-05-23,R,Кропоткин,0,Договор на текущий счет для дебетовой карты,cb536bb980deb77b5c32b9e4bbfd2a83,Eurocard/MasterCard World,2018,-1,0,0,0,0,18900,18900,cc
3069,ec31c57dc819767a34256c9b281dc3a1,М,1974,2015-10-30,R,Воткинск,0,Договор на текущий счет для дебетовой карты,336644c78826a3b2bd2585a7ef848e0a,VISA Classic Light,2018,2020,6300,8,3500,1000,14900,12500,dc
3070,4cfa59b874e0f82b7c0a4b1f04a080ed,Ж,1972,2008-08-12,R,Сибай,0,Договор на текущий счет для дебетовой карты,a7df8ac7fb345ccb981eaeee0b9eb3a3,Eurocard/MasterCard World,2020,2020,0,0,0,0,0,0,cc
39503,1a3a9e00223d1639ec2ab5dea8d9e2fd,М,1980,2005-02-01,R,Краснодар,0,Договор на текущий счет для дебетовой карты,bcc66decc39a9cc96cbe804fdf3c3e2a,Eurocard/MasterCard World,2018,2021,42600,17,0,0,68500,68500,cc
3086,b825ed0eb759c0eb587e92ce281ec371,М,1969,2019-08-16,R,Омск,0,Договор на текущий счет для дебетовой карты,ed9ba8e80a5e4d033bfa066d4259cd8a,,-1,-1,0,0,0,0,0,0,dc
3087,10c4f47e9edd7f467b8f7ca9716ab52d,М,1989,2013-09-11,R,Учалы,0,Договор на текущий счет для дебетовой карты,290ee17cf55591b0a0033c85f4b6cd70,VISA Classic Light,2017,2020,0,0,0,0,0,0,dc
3088,10c4f47e9edd7f467b8f7ca9716ab52d,М,1989,2013-09-11,R,Учалы,0,Договор на текущий счет для дебетовой карты,3008325b3e461b3b902a243ea215bcc9,VISA Classic Light,2020,-1,0,0,0,0,0,0,dc
128801,c6b9e1eae083b6347c9bcec046ce12e9,Ж,1972,2019-05-28,R,Анапа,0,Договор на текущий счет для дебетовой карты,6d4886d4309484621fb37d12f1338057,VISA Classic,2019,-1,8900,32,7700,400,32800,30600,dc
74631,209e15f3d76236638fee4b75eeab0cba,Ж,1983,2016-09-30,R,Стерлитамак,0,Договор на текущий счет для дебетовой карты,9bac18b207fb12dde507b4c14aee67fa,Visa Platinum Rewards,2020,-1,0,0,3600,400,48400,48600,dc
15906,6f05614fd0914834630417a513f50902,Ж,1977,2019-11-14,R,Сибай,0,Договор на текущий счет для дебетовой карты,a179132ed0f1ff432f6a7bfc0bfc311a,Eurocard/MasterCard Mass,2019,-1,5100,26,2100,0,18100,18000,dc
288218,06fe53c3378321f571f3434c9817afe9,Ж,1995,2017-01-19,R,Давлеканово,0,Договор на текущий счет для дебетовой карты,d0301b722f9dc77b7d50403ab4f3ec7e,"Дебет карта ПС МИР ""Бюджетная""",2017,2021,200,1,3300,200,119300,119200,dc
288219,06fe53c3378321f571f3434c9817afe9,Ж,1995,2017-01-19,R,Давлеканово,0,Договор на текущий счет для дебетовой карты,080877e2c737d15787768f710532ecf3,VISA Classic Light,2017,2018,200,1,3300,200,119300,119200,dc
288220,06fe53c3378321f571f3434c9817afe9,Ж,1995,2017-01-19,R,Давлеканово,0,Договор на текущий счет для дебетовой карты,dac7e0870765079c80e5f19f4bebd203,"Дебет карта ПС МИР ""Бюджетная""",2020,-1,200,1,3300,200,119300,119200,dc
3097,9c7e3f3af94691f59a869bf93024b6f7,Ж,2001,2020-05-18,R,Салават,0,Договор на текущий счет для дебетовой карты,1a692f0d278aa52fb444016c4c908f53,"Дебет карта ПС МИР ""Бюджетная""",2020,-1,100,1,5400,0,7600,7600,dc
280360,35035736db30f28ddb8c506e42b0d33e,Ж,1958,2014-10-28,R,Уфа,0,Договор на текущий счет для дебетовой карты,e12b9bacf3fcb59c7eda6ebfb8b62823,МИР СКБ,2020,-1,0,0,100,100,600,600,dc
51588,4d481b667e71643229b8232e55026f17,М,1997,2019-12-23,N,Геленджик,0,Договор на текущий счет для дебетовой карты,0dadb011c45b41203d97dce1550e4bf6,Eurocard/MasterCard Mass,2019,-1,3100,6,900,3000,18900,19200,dc
3100,3c58dee3fe03ea27d83838a5d55238fc,Ж,1960,2018-09-17,R,Уфа,0,Договор на текущий счет для дебетовой карты,7f18dab80752345471986d20cd8cfc8b,,-1,-1,0,0,0,0,0,0,dc
3101,1265872c0e27d9a41b83c9b0a5b596b2,М,1990,2019-06-11,R,Набережные Челны,0,Договор на текущий счет для дебетовой карты,6b61d5b44426cfd4825f646d93ed1210,МИР Debit,2020,-1,0,0,0,0,0,0,dc
94840,08198b71870c8c2a34040a11ecc47b47,М,1990,2009-05-08,R,Баймак,0,Договор на текущий счет для дебетовой карты,43b23f62ee466c64e3d703e6b72d1f4e,"Дебет карта ПС МИР ""Бюджетная""",2020,-1,11600,34,3300,0,54600,52700,dc
150518,0518e020524c04b26d8c381fb9d015b0,Ж,1991,2017-10-03,R,Уфа,0,Договор на текущий счет для дебетовой карты,36efc844d92390d6347741bedaf5c087,МИР СКБ ЗП,2020,-1,4700,1,4200,200,47100,47200,dc
3111,b169873622f98f84e0db752e92b25865,М,1965,2011-09-26,R,Уфа,0,Договор на текущий счет для дебетовой карты,cba2feaaf8b21b3853228b8e79caa703,VISA Classic Light,2017,2020,0,0,0,0,0,0,dc
10437,ef84ca8d29410ae9f85bd27ad788c774,М,1988,2018-07-10,R,Москва,100,Договор на текущий счет для дебетовой карты,d22ad4da7062d31a8deeda08a3966f53,VISA Classic,2018,2022,22500,51,38900,24500,266100,288700,dc
3113,fb7d16d818228b2e970f9424cbc1e8a7,Ж,1950,2007-11-16,R,Ейск,700,Договор на текущий счет для дебетовой карты,865277f30e1e133a44c307cfee33e44d,Eurocard/MasterCard World,2017,2018,0,0,0,0,0,0,dc
3114,fb7d16d818228b2e970f9424cbc1e8a7,Ж,1950,2007-11-16,R,Ейск,700,Договор на текущий счет для дебетовой карты,1fe596312a4d6cf11c74c52d3132bf48,American Express Optimum,2017,2018,0,0,0,0,0,0,dc
3115,43998ffaff6b29f2509ab787a3323d15,М,1989,2017-07-18,N,Кореновск,0,Договор на текущий счет для дебетовой карты,82eb4a466a42184adbae8cf940a29d19,Eurocard/MasterCard Mass,2019,-1,6700,16,4600,100,36000,34500,dc
3116,8f5406afb69ee447178aeaa658aa24a6,М,1971,2018-08-01,R,Туймазы,0,Договор на текущий счет для дебетовой карты,b7baeaec86c572ad7345a7ec1be82247,,-1,-1,0,0,0,0,0,0,dc
59103,8417e1ccbf47c816b6807f6227e408c8,Ж,1982,2016-10-17,R,Стерлибашево,0,Договор на текущий счет для дебетовой карты,16e08b7d0a7933bd2a63657597ad1129,МИР СКБ,2018,2022,0,0,7200,0,100400,100300,dc
3119,2d157d0a86796f2cf521a806c9367584,М,1999,2018-10-09,N,Ковров,100,Договор на текущий счет для дебетовой карты,9f9f82b07a92fb564762832ee4ec4799,Eurocard/MasterCard Mass,2018,2021,400,3,5400,5100,15200,15700,dc
125234,a9da1774ff407dfa905fa46b908cf9b6,М,1965,2020-03-04,R,Архангельское,0,Договор на текущий счет для дебетовой карты,ab0fd3032ccca304fe27f9a8da2800dc,МИР Debit,2020,-1,14200,30,7300,100,27100,27200,dc
3125,21ebf9f2ceb11c47da695965908037d3,М,1989,2017-07-25,R,Прокопьевск,0,Договор на текущий счет для дебетовой карты,147fc3428b8b64d8038d3e8fc416269e,VISA Classic,2017,2017,0,0,0,0,0,0,dc
3126,21ebf9f2ceb11c47da695965908037d3,М,1989,2017-07-25,R,Прокопьевск,0,Договор на текущий счет для дебетовой карты,159cfe366c479231ca8a553380517f20,VISA Classic,2017,2019,0,0,0,0,0,0,dc
3127,21ebf9f2ceb11c47da695965908037d3,М,1989,2017-07-25,R,Прокопьевск,0,Договор на текущий счет для дебетовой карты,2f96ceb02957ad73eafe3ea8a1248ff1,VISA Classic,2017,2018,0,0,0,0,0,0,dc
178266,97a84ada2da3c19482d5db4b1bc1a83e,М,1964,2014-12-12,R,Санкт-Петербург,0,Договор на текущий счет для дебетовой карты,5b96d377049eea9a23c374c9c71b64f1,Eurocard/MasterCard World,2019,-1,25600,11,0,0,84100,84100,cc
71801,4a544549cb7003c9ba3f27e874237a90,М,1994,2017-06-07,R,Октябрьский,50000,Кредитная карта,1ccf7d54c4a9a909f38346d72c583e9a,,-1,-1,2800,8,0,0,9500,9500,dc
145262,d02a330ae3bda1bf582b78feeb1f4ba7,М,1992,2015-10-29,R,Рославль,50000,Кредитная карта,701a45b8b436844bde640282b0c37ee3,,-1,-1,0,0,0,0,32500,32500,dc
3134,ee99478793363a9078d628cf6b5f9e5e,М,1963,2013-10-04,R,Москва,75000,Кредитная карта,9627c0393348fe393eda1d3056250fb9,,-1,-1,12300,4,0,0,35100,35100,dc
3135,097060f183cf224e0f564c7009742f1b,М,1991,2015-09-18,R,Жуковский,0,Договор на текущий счет для дебетовой карты,888f1912cfa50c9a753c9084c013f96e,VISA Classic,2020,-1,39800,88,13400,7800,50900,58600,dc
3136,097060f183cf224e0f564c7009742f1b,М,1991,2015-09-18,R,Жуковский,0,Договор на текущий счет для дебетовой карты,eaec80c2736bacb86e228a7143ee83fa,VISA Classic,2017,2020,39800,88,13400,7800,50900,58600,dc
3138,500b7cf286b7d9afe493063def719c3b,М,1960,2019-06-19,R,Благовещенск,0,Договор на текущий счет для дебетовой карты,d6f9527727b5489163560136f2cd95c6,"Дебет карта ПС МИР ""Бюджетная""",2019,2021,0,0,0,0,0,0,dc
66394,b61101afa7371d16ff6262ceb652c9fe,М,1983,2012-03-02,R,Аскарово,0,Договор на текущий счет для дебетовой карты,edd671a19802ffff0b04b39761093f01,МИР СКБ ЗП,2021,-1,3400,11,1500,0,26700,23200,dc
248281,733542e5b22cb8b03c6fed4fb18aff84,Ж,1958,2002-01-17,R,Туапсе,0,Договор на текущий счет для дебетовой карты,9d2a817239f4c54f728564b4560914bc,МИР Debit,2021,-1,6300,15,17900,31300,42800,49100,dc
248282,733542e5b22cb8b03c6fed4fb18aff84,Ж,1958,2002-01-17,R,Туапсе,0,Договор на текущий счет для дебетовой карты,4a50c963454e5b644901988e8693335b,МИР Debit,2018,2021,6300,15,17900,31300,42800,49100,dc
234866,619f8345d959b2415002da04b5b35787,М,1963,2016-02-18,R,Уфа,0,Договор на текущий счет для дебетовой карты,e2b4aa67fefab39d73cb97a80d0f33fb,VISA Gold,2018,2022,0,0,2400,0,22400,0,dc
111882,3ae502dd089668bd632183301b47d23f,Ж,1997,2020-03-25,R,Екатеринбург,0,Договор на текущий счет для дебетовой карты,025162bc27540a3f4dcd7c02b7a7a330,,-1,-1,0,0,2600,0,10300,10300,dc
3144,6dd0103f533357b03cd71964ea4c4569,Ж,1954,2016-10-20,R,Салават,0,Договор на текущий счет для дебетовой карты,6f9c4ad8e815e86d9f42d1e272b16031,VISA Classic Light,2015,2019,0,0,0,0,0,0,dc
162678,7e1ec061a0a51fe2763d809b76ed37c5,Ж,1968,2005-10-19,R,Ейск,170000,Кредитная карта,f9ffa1bf20436aa0d857dfaa49abfa89,,-1,-1,2300,1,100,0,67000,66600,dc
3146,ced0ccb361e6ca3d06afc50a3ae3a2c5,М,1981,2006-05-22,R,Уфа,0,Договор на текущий счет для дебетовой карты,1f400f5c92e16f59ad5bbaf4267dd88d,,-1,-1,0,0,0,0,0,0,dc
19341,defd73d2e81cddaa732c45a59e04e860,Ж,1986,2012-09-06,R,Уфа,0,Договор на текущий счет для дебетовой карты,ed08067617caca29d5dd1fccdd4ca82c,,-1,-1,0,0,29000,25700,23900,31600,dc
3150,52a1cbfb2ccfa3145b6c0dc6dd2b5af0,Ж,1998,2014-10-17,R,Уфа,0,Договор на текущий счет для дебетовой карты,8658b552dda433c45b34deedac4e2aa6,,-1,-1,0,0,0,0,0,0,dc
3151,728163aaf84b85097cc3f543ded2b0f8,Ж,1987,2013-04-25,R,Уфа,50000,Кредитная карта,88c57e6f4e88b672b00ee7d19cee4ddb,,-1,-1,0,0,100,100,1400,1400,dc
195437,f8d2586ce11265507ea0326dc2a69bf8,Ж,1958,2013-06-24,R,Уфа,0,Договор на текущий счет для дебетовой карты,05dc4f5a3cf57b63daaab485d31935ed,МИР СКБ,2019,-1,0,1,100,0,600,600,dc
179975,6549e9b54c712545334e439cda90d2ce,М,1989,2019-03-12,R,Санкт-Петербург,0,Договор на текущий счет для дебетовой карты,23edb589783bdb0095ff0b1360ec308a,Eurocard/MasterCard Mass,2019,-1,292000,5,53500,47000,308300,344300,dc
179976,6549e9b54c712545334e439cda90d2ce,М,1989,2019-03-12,R,Санкт-Петербург,0,Договор на текущий счет для дебетовой карты,43abccb7cb0c64c2ed17d4c76ccff1a8,Eurocard/MasterCard Mass,2022,-1,292000,5,53500,47000,308300,344300,dc
18621,2cf719c2866ca99586ac994238380b63,Ж,1976,2018-10-05,R,Чишмы,0,Договор на текущий счет для дебетовой карты,de9e5b7e76497396dc97003eed657189,"Дебет карта ПС МИР ""Бюджетная""",2018,2021,6600,14,33400,10100,140000,102700,dc
212764,3ed41682fa7d6695ab547de928b63935,М,1955,2010-04-29,R,Салават,0,Договор на текущий счет для дебетовой карты,45f9a9646cdcf1c02547870d66459ca1,"Дебет карта ПС МИР ""Бюджетная""",2020,-1,0,0,1700,100,23800,23800,dc
19158,56ca2585a3f5b8f92d6b225720acb940,Ж,1993,2019-09-24,R,Челябинск,0,Договор на текущий счет для дебетовой карты,d7f88070c92798fd15943fa288bb7799,VISA Classic Light,2019,-1,3300,13,2500,0,33400,33400,dc
3162,bbe5b60e99b8cb96f5dfcd36abc5afde,Ж,1956,2005-12-13,R,Краснодар,0,Договор на текущий счет для дебетовой карты,3fb5677b1cb6064ead96428a0864b06f,Priority Pass,2020,2021,209600,8,37600,49300,211600,260900,dc
3163,bbe5b60e99b8cb96f5dfcd36abc5afde,Ж,1956,2005-12-13,R,Краснодар,0,Договор на текущий счет для дебетовой карты,0b0758941f78ae149e142cc72354cee7,VISA Infinite,2020,2021,209600,8,37600,49300,211600,260900,dc
3164,bbe5b60e99b8cb96f5dfcd36abc5afde,Ж,1956,2005-12-13,R,Краснодар,0,Договор на текущий счет для дебетовой карты,fdd9b22121802410e3b904948c202496,MasterCard World Elite,2020,2021,209600,8,37600,49300,211600,260900,dc
87783,d8da9ae9c76540d8f368563941bcc718,Ж,2002,2018-09-10,R,Краснодар,0,Договор на текущий счет для дебетовой карты,c996957acdcb711caca2ac9d669e0365,"Дебет карта ПС МИР ""Бюджетная""",2021,-1,12900,15,300,400,12900,13000,dc
147697,932fb7adea84931f5cd28c6bddff1fd8,Ж,1983,2013-11-22,R,Санкт-Петербург,300,Договор на текущий счет для дебетовой карты,942497ef2944ee84bd28f81806781d0e,Eurocard/MasterCard Mass,2019,-1,4200,3,89000,1000,1630000,1618000,dc
250584,4a7d47dfcb34bf5a2eb705cb63556492,Ж,1982,2016-09-21,R,Самара,300,Договор на текущий счет для дебетовой карты,cf27d57de7fa454f125cca8f0870aded,VISA Classic Light,2017,2020,0,0,230800,249900,0,58100,dc
250585,4a7d47dfcb34bf5a2eb705cb63556492,Ж,1982,2016-09-21,R,Самара,300,Договор на текущий счет для дебетовой карты,7677667f7fb7700f5fd468ca556f08d1,Eurocard/MasterCard Gold,2020,-1,0,0,230800,249900,0,58100,dc
109730,27e371f77ad660677a6b6c7c1ed3d371,М,1947,2006-05-04,R,Дюртюли,0,Договор на текущий счет для дебетовой карты,c2e8a0de7ded96b3e15564f77040065e,МИР Debit,2021,-1,0,0,13800,100,37200,36000,dc
109731,27e371f77ad660677a6b6c7c1ed3d371,М,1947,2006-05-04,R,Дюртюли,0,Договор на текущий счет для дебетовой карты,f792f04d3db62d81f48cc30a45cdcd18,МИР Debit,2018,2021,0,0,13800,100,37200,36000,dc
146865,0a362553c19901e57c26926bf5034f33,Ж,1973,2018-04-16,R,Екатеринбург,36800,Договор на текущий счет для дебетовой карты,facfcb83727def3223a19bbe511b3bde,VISA Infinite,2019,2021,0,0,0,0,5900,5900,dc
146866,0a362553c19901e57c26926bf5034f33,Ж,1973,2018-04-16,R,Екатеринбург,36800,Договор на текущий счет для дебетовой карты,d23ba2735ff10e64769e148f57689b2d,MasterCard Black Edition,2019,2021,0,0,0,0,5900,5900,dc
146867,0a362553c19901e57c26926bf5034f33,Ж,1973,2018-04-16,R,Екатеринбург,36800,Договор на текущий счет для дебетовой карты,f96ba3e5397c00a4d5e1e055606cc558,Priority Pass,2019,2021,0,0,0,0,5900,5900,dc
3182,63bb9f86757891fb53cd2d717328a1db,М,1990,2019-07-04,R,Вологда,0,Договор на текущий счет для дебетовой карты,f79f49ede7e60a0b0844c6aaac1ab4b5,,-1,-1,0,0,0,0,0,0,dc
98484,40689a56b4f951935699d0275aeb3b55,Ж,1980,2008-03-26,R,Киселёвск,144000,Кредитная карта,b7a42dbce9a2c671f36107e1821ab431,,-1,-1,6800,14,0,0,156600,149900,dc
103230,5e1975d4c72edbd1f62fc2ea34c35518,Ж,1981,2017-02-02,R,Учалы,100,Договор на текущий счет для дебетовой карты,179d880ce2a1b2c71af4d3377f398635,VISA Classic Light,2017,2020,0,0,0,0,100,0,dc
103231,5e1975d4c72edbd1f62fc2ea34c35518,Ж,1981,2017-02-02,R,Учалы,100,Договор на текущий счет для дебетовой карты,f1e66be9de22a483ca9d7f0331b9a132,МИР Debit,2017,2020,0,0,0,0,100,0,dc
3189,d56a535284282e9e422a4663c36a6a8c,Ж,1980,2016-09-30,R,Туймазы,0,Договор на текущий счет для дебетовой карты,d8345a8130fb048e272a4ff8420651ac,МИР СКБ,2018,2022,0,0,0,0,0,0,dc
98634,6a476beacb5eab8ff65b1e367048b6ae,М,1973,2011-05-03,R,Санкт-Петербург,0,Договор на текущий счет для дебетовой карты,a0e6475f48ae4d35f72d3880738a4961,Eurocard/MasterCard World,2020,-1,247400,123,0,0,543100,543100,cc
98635,6a476beacb5eab8ff65b1e367048b6ae,М,1973,2011-05-03,R,Санкт-Петербург,0,Договор на текущий счет для дебетовой карты,71eb2e2d1d4b41b45c1a3993e56d6e70,Eurocard/MasterCard World,2020,-1,247400,123,0,0,543100,543100,cc
112604,59b7b70058d64976008a1cabad24bcec,Ж,1990,2018-07-31,R,Салават,0,Договор на текущий счет для дебетовой карты,d6dff101c5b7143479e31a2db3dcf1d7,,-1,-1,0,0,100,0,3200,2500,dc
59053,1547bbed55c6232027a5ea6ca0f43c61,М,1992,2016-11-28,N,Краснодар,0,Договор на текущий счет для дебетовой карты,f08399fae1c6cee70318d4c4da02623e,VISA Classic Light,2016,2018,2600,8,6600,17700,22900,22800,dc
59054,1547bbed55c6232027a5ea6ca0f43c61,М,1992,2016-11-28,N,Краснодар,0,Договор на текущий счет для дебетовой карты,58ddaef942a6fad1a3aefeabac8bdd7e,"Дебет карта ПС МИР ""Бюджетная""",2020,-1,2600,8,6600,17700,22900,22800,dc
59055,1547bbed55c6232027a5ea6ca0f43c61,М,1992,2016-11-28,N,Краснодар,0,Договор на текущий счет для дебетовой карты,87c3a6cd47c74eaa97eda76b4682361f,МИР Debit,2017,2021,2600,8,6600,17700,22900,22800,dc
41496,2da1fe5bcb1b03138a188ec68f894325,М,1998,2017-08-31,R,Уфа,0,Договор на текущий счет для дебетовой карты,a1fd80615e15d09f26f8e88fa1de965e,"Дебет карта ПС МИР ""Бюджетная""",2020,-1,0,0,1800,0,76500,76500,dc
41497,2da1fe5bcb1b03138a188ec68f894325,М,1998,2017-08-31,R,Уфа,0,Договор на текущий счет для дебетовой карты,5ac95955415b408e3d7cae55b0dea650,"Дебет карта ПС МИР ""Бюджетная""",2017,2021,0,0,1800,0,76500,76500,dc
11974,eac589616d09fe6c85bf8f22c7db6de9,М,1975,2007-12-29,R,Кунгур,0,Договор на текущий счет для дебетовой карты,a58ed395d444090fe7478101e9ee31e9,Visa Platinum Rewards,2019,-1,0,0,73800,0,3808800,3522700,dc
158748,45258c7d430e981cfa7c5202d2d78fe7,Ж,1991,2019-08-28,R,Месягутово,0,Договор на текущий счет для дебетовой карты,921613502dfaa167f9d04fd525040ec6,MasterCard Electronic,2019,-1,0,0,0,0,177600,177600,dc
3202,2a43bc9f3197542b0d22f73ad2213243,Ж,1971,2013-02-07,R,Уфа,0,Договор на текущий счет для дебетовой карты,0d5cc010e5f5329e396255610c361037,МИР СКБ,2017,2021,0,0,0,0,0,0,dc
3203,2a43bc9f3197542b0d22f73ad2213243,Ж,1971,2013-02-07,R,Уфа,0,Договор на текущий счет для дебетовой карты,749a86052b9e3065b1a65785dafc073f,МИР СКБ,2020,-1,0,0,0,0,0,0,dc
171176,59ce11284cec4b866dbbebfb2939e077,Ж,1960,2013-06-19,R,Ижевск,0,Договор на текущий счет для дебетовой карты,6b48728f6850b760c345ee87086024dd,МИР Debit,2020,-1,9400,11,14100,12500,54800,55300,dc
171177,59ce11284cec4b866dbbebfb2939e077,Ж,1960,2013-06-19,R,Ижевск,0,Договор на текущий счет для дебетовой карты,bb67d07558ffebf601d9c3fee212abc9,МИР Debit,2017,2020,9400,11,14100,12500,54800,55300,dc
56617,8799988090bd61283ae1f5f5815321ef,Ж,1984,2006-08-03,R,Краснодар,0,Договор на текущий счет для дебетовой карты,b5afb7c7f3eff23b0a378accde4e4afe,"Дебет карта ПС МИР ""Бюджетная""",2020,-1,58900,25,15200,0,124200,120500,dc
56618,8799988090bd61283ae1f5f5815321ef,Ж,1984,2006-08-03,R,Краснодар,0,Договор на текущий счет для дебетовой карты,deeec5c88162f98dcd1e847e320dd379,"Дебет карта ПС МИР ""Бюджетная""",2017,2018,58900,25,15200,0,124200,120500,dc
56619,8799988090bd61283ae1f5f5815321ef,Ж,1984,2006-08-03,R,Краснодар,0,Договор на текущий счет для дебетовой карты,9fe984f2c29888d81e2938a840394bca,"Дебет карта ПС МИР ""Бюджетная""",2017,2021,58900,25,15200,0,124200,120500,dc
60739,28ea744fe7d39fef1f9dedf3e50b905a,М,1971,2018-11-12,R,Смоленск,100,Договор на текущий счет для дебетовой карты,2b12d9cee737f4684b0a77e14efb5533,Eurocard/MasterCard Mass,2018,2021,0,0,0,0,100,0,dc
3216,a4e5e5e1629e36372e5e4bfcb190d1a5,М,1969,2019-04-24,R,Ижевск,0,Договор на текущий счет для дебетовой карты,e48583419b9a8c0e8f3f26569b0c16ad,Eurocard/MasterCard World,2020,2021,0,0,200,0,300,0,cc
12957,d2d7a75d60b6bb4cabf5f522da0e2d0d,Ж,1977,2011-10-03,R,Смоленск,0,Договор на текущий счет для дебетовой карты,3f5de16f8c938b8276efd687d04506cf,Eurocard/MasterCard World,2019,2022,141500,29,0,0,328800,328800,cc
12958,d2d7a75d60b6bb4cabf5f522da0e2d0d,Ж,1977,2011-10-03,R,Смоленск,0,Договор на текущий счет для дебетовой карты,848e9288e0fd812e304e8c9a69b896e7,Visa Rewards,2022,-1,141500,29,0,0,328800,328800,cc
141164,5b53080200eb3ea698ecdeeabb50f863,М,1986,2017-07-28,R,Москва,0,Договор на текущий счет для дебетовой карты,89ed5fadb2881510365165f3093e92b9,VISA Classic,2020,-1,30100,15,63100,49100,253700,259600,dc
141165,5b53080200eb3ea698ecdeeabb50f863,М,1986,2017-07-28,R,Москва,0,Договор на текущий счет для дебетовой карты,7f0d4ce861e865f9c3578412413125f7,VISA Classic,2017,2021,30100,15,63100,49100,253700,259600,dc
3224,bb2c130859fdefd20555fd084d3ac241,М,1986,2011-08-05,R,Уфа,0,Договор на текущий счет для дебетовой карты,6e946bbe3c8fb8a1a3067bfe307e98c6,Visa Platinum Rewards,2019,2021,400,4,2800,20000,76800,69800,dc
3225,bb2c130859fdefd20555fd084d3ac241,М,1986,2011-08-05,R,Уфа,0,Договор на текущий счет для дебетовой карты,e3f90d46f0f86900475e3cae6b31bfa7,Visa Platinum Rewards,2021,2022,400,4,2800,20000,76800,69800,dc
163495,9f83d7f8bc99676f707a0cccb1222dbc,Ж,1966,2017-10-05,R,Старосубхангулово,13300,Договор на текущий счет для дебетовой карты,b5fa43bbed31c5bbc2cf1dbcc703a7c8,"Дебет карта ПС МИР ""Бюджетная""",2020,-1,0,0,22700,8500,52500,46700,dc
3227,5638e81417fb5efabde17d0dfb7503ae,М,2000,2019-12-10,N,Москва,0,Договор на текущий счет для дебетовой карты,05981882f581bdec1fd4c622bb101814,VISA Classic Light,2019,-1,0,1,0,0,0,0,dc
16947,5638e81417fb5efabde17d0dfb7503ae,М,2000,2019-12-10,N,Москва,0,Договор на текущий счет для дебетовой карты,05981882f581bdec1fd4c622bb101814,VISA Classic Light,2019,-1,0,0,0,0,0,0,dc
104822,89bb422bcae284f4587e64c9df83cd22,Ж,1985,2008-12-09,R,Краснодар,0,Договор на текущий счет для дебетовой карты,08e87e79e22db99b7eac4d0f2057694d,Eurocard/MasterCard World,2020,-1,5700,13,0,0,9600,9600,cc
19108,86e7ff7770236766ae01446752d702ad,М,1977,2015-12-23,N,Орёл,20900,Договор на текущий счет для дебетовой карты,d46f9b781f656d962ea546db7e9b2e75,VISA Classic Light,2018,2022,300,1,6400,1100,71700,72300,dc
58330,61f64249c80ed6429ca3727ed6ddc241,М,2002,2018-09-04,R,Сибай,0,Договор на текущий счет для дебетовой карты,4996f496c0c39f28ece0efbe87eb2aad,"Дебет карта ПС МИР ""Бюджетная""",2018,-1,700,4,200,0,1800,1800,dc
280443,098366afbfb103d3bd5e3c19e99dd2da,Ж,1993,2017-09-22,R,Москва,0,Договор на текущий счет для дебетовой карты,c7c724357b82943b11d5999445ce17a7,"Дебет карта ПС МИР ""Бюджетная""",2020,-1,22900,38,3500,3000,36100,34300,dc
280444,098366afbfb103d3bd5e3c19e99dd2da,Ж,1993,2017-09-22,R,Москва,0,Договор на текущий счет для дебетовой карты,9b5a95cac6b8b5be113e9987471bfedf,"Дебет карта ПС МИР ""Бюджетная""",2017,2021,22900,38,3500,3000,36100,34300,dc
280445,098366afbfb103d3bd5e3c19e99dd2da,Ж,1993,2017-09-22,R,Москва,0,Договор на текущий счет для дебетовой карты,8271c61698526edd1cb6c9520057e072,"Дебет карта ПС МИР ""Бюджетная""",2021,-1,22900,38,3500,3000,36100,34300,dc
59505,9222c5f3578c27f0c4b346c24c6f7dd9,М,1981,2020-06-19,R,Москва,0,Договор на текущий счет для дебетовой карты,2db62046cf052a088fdbec3b17108673,VISA Classic,2020,-1,0,1,2700,0,38600,38600,dc
3240,5dfef85ed5d58d5b159a5aa23b0e5842,М,1984,2017-01-23,R,Новосибирск,0,Договор на текущий счет для дебетовой карты,7c52d9e0cef3d54a5f3041a1d8a06c4b,Eurocard/MasterCard World,2020,2020,0,0,0,0,0,0,cc
3241,e9af795ffd271ae4a4f884d59a02025b,Ж,2000,2018-12-03,R,Магнитогорск,0,Договор на текущий счет для дебетовой карты,31f718a5d129a0f0166c6f69d80949cd,VISA Classic Light,2018,2019,3500,21,800,100,4300,2200,dc
3242,e9af795ffd271ae4a4f884d59a02025b,Ж,2000,2018-12-03,R,Магнитогорск,0,Договор на текущий счет для дебетовой карты,72ab6e6e223a508fb7dccbb9917dcadf,VISA Classic Light,2019,-1,3500,21,800,100,4300,2200,dc
13186,7a98ca4b2e75e80b0b45b1e3c3bbb0f1,М,1970,2017-01-31,R,Уфа,0,Договор на текущий счет для дебетовой карты,8efd54d59300c78e8ab51a12d57c8466,VISA Classic,2020,-1,23000,71,93200,28400,747600,661100,dc
13187,7a98ca4b2e75e80b0b45b1e3c3bbb0f1,М,1970,2017-01-31,R,Уфа,0,Договор на текущий счет для дебетовой карты,6200a6ad45e3abf61291e394b82fe3d6,VISA Classic Light,2017,2020,23000,71,93200,28400,747600,661100,dc
3245,a43b58e10850120a050814b7b7e7f6ab,М,1993,2019-10-24,N,Москва,0,Договор на текущий счет для дебетовой карты,541f7644cce71be2989f3e291b495765,,-1,-1,0,0,0,0,0,0,dc
3248,1772dd7ceed242ab68e99577cda40369,Ж,1983,2012-03-23,R,Раевский,100,Договор на текущий счет для дебетовой карты,171d0a309cb4955148d3fc8568b51975,"Дебет карта ПС МИР ""Бюджетная""",2019,-1,16600,26,52100,24000,98200,119400,dc
215786,81060d718c64ec19a7532d63bb68824f,М,2002,2019-08-13,R,Уфа,0,Договор на текущий счет для дебетовой карты,e493c309dc7c73039c14edc91d295175,МИР СКБ,2019,-1,600,4,0,0,4200,3500,dc
3250,045502c07c93aed06de3c0fda0346405,Ж,1975,2018-11-23,R,Москва,0,Договор на текущий счет для дебетовой карты,471d6979e88ff31720dfb04c7680d126,,-1,-1,0,0,0,0,0,0,dc
215325,bfb945eb76f94e79b06649bce85c114b,М,1993,2014-10-06,R,Брянск,0,Договор на текущий счет для дебетовой карты,9f462150f03f646e4ee6448ade5a665d,Visa Platinum Rewards,2020,-1,127700,63,167600,398400,1172000,1386100,dc
91858,38193ae6d6de20beee06abdd5a03b53a,Ж,1973,2011-11-16,R,Сургут,0,Договор на текущий счет для дебетовой карты,d0fc7f7daca718e188b002abbbd214d7,Eurocard/MasterCard World,2019,-1,0,0,28600,300,318100,318000,dc
65479,7e1e0e536d0edf161f05a60b0dfd2629,Ж,1986,2018-11-07,R,Уфа,0,Договор на текущий счет для дебетовой карты,881cadb1aa6b18e166706f76f1d34e04,МИР СКБ,2021,-1,300,3,100,100,300,300,dc
208008,63488d830cc560c041781b3f5b5dd6ef,Ж,1991,2017-05-02,R,Иркутск,0,Договор на текущий счет для дебетовой карты,12c3b5ee1d351d87a7dfd0acc51e7de9,VISA Classic,2020,-1,0,0,200,0,18300,18300,dc
208009,63488d830cc560c041781b3f5b5dd6ef,Ж,1991,2017-05-02,R,Иркутск,0,Договор на текущий счет для дебетовой карты,a45f50094f5729c0cbb7ec67682b2408,VISA Classic,2017,2020,0,0,200,0,18300,18300,dc
3261,8caf0d1a8792a7d959ed61943b018cf8,Ж,1961,2019-05-20,R,Мелеуз,0,Договор на текущий счет для дебетовой карты,0ef8ce574a341e1f2a49173b9eb8557e,MasterCard Electronic,2018,2021,0,0,0,0,0,0,dc
3262,8caf0d1a8792a7d959ed61943b018cf8,Ж,1961,2019-05-20,R,Мелеуз,0,Договор на текущий счет для дебетовой карты,c16470d99ca79356c289391934d7b4f8,MasterCard Electronic,2021,-1,0,0,0,0,0,0,dc
3263,abfaa3c1feca1a9e0fef11a1cf75bccc,М,1985,2010-09-10,R,Уфа,0,Договор на текущий счет для дебетовой карты,e2d78f265a4576c2d4c41cf3604d6b03,МИР СКБ,2018,2021,0,0,0,0,0,0,dc
3267,8f9ad79319a5129d72c23d9b6a09eed0,Ж,1966,2008-08-27,R,Салават,0,Договор на текущий счет для дебетовой карты,6966962bf60f02a6c1f58e88eadd28dc,Eurocard/MasterCard World,2019,2020,0,0,0,0,0,0,cc
100141,27538410367ee47ce26ea45fd987ff51,Ж,1983,2018-10-18,R,Белгород,100,Договор на текущий счет для дебетовой карты,ae86de288092995f7b6868402bf8e0eb,VISA Classic,2018,2022,0,0,100,0,100,0,dc
45539,a08c0ece7d2e5d564f8ecacd32c36234,Ж,1995,2016-02-16,R,Нефтекамск,0,Договор на текущий счет для дебетовой карты,029e8b7cc1f870350241d6a04741edc7,МИР СКБ,2020,-1,0,0,10800,700,66600,67300,dc
45540,a08c0ece7d2e5d564f8ecacd32c36234,Ж,1995,2016-02-16,R,Нефтекамск,0,Договор на текущий счет для дебетовой карты,0889852e7beaa0b4dc59c7d15276daab,МИР СКБ,2017,2021,0,0,10800,700,66600,67300,dc
259010,48ff7c0a4e1d438e00748460634bd7ae,Ж,1974,2006-12-27,R,Ишимбай,0,Договор на текущий счет для дебетовой карты,5a03f86c6df99394241aabe6b94a1072,МИР СКБ ЗП,2020,-1,152700,51,39000,29800,188300,209900,dc
259011,48ff7c0a4e1d438e00748460634bd7ae,Ж,1974,2006-12-27,R,Ишимбай,0,Договор на текущий счет для дебетовой карты,5a367673da81c8c9f51fa7393f1c867e,МИР СКБ ЗП,2020,-1,152700,51,39000,29800,188300,209900,dc
3274,abbe238e77fb3d28bb90622d1b040c16,М,1969,2005-07-20,R,Сургут,0,Договор на текущий счет для дебетовой карты,b0fe46bc6e57c67cb825ae91bd550d58,Priority Pass,2019,2021,0,0,0,0,0,0,dc
3275,abbe238e77fb3d28bb90622d1b040c16,М,1969,2005-07-20,R,Сургут,0,Договор на текущий счет для дебетовой карты,e2a2fa94bb5934589a8a5ab2a5a1cbd8,VISA Infinite,2019,2021,0,0,0,0,0,0,dc
3276,abbe238e77fb3d28bb90622d1b040c16,М,1969,2005-07-20,R,Сургут,0,Договор на текущий счет для дебетовой карты,443504989db6c3d0db11fb04679b5ca9,MasterCard Black Edition,2019,2021,0,0,0,0,0,0,dc
236770,c2b4dc1457b4cad9606b6e14eaa1044f,М,1974,2013-09-04,R,Златоуст,0,Договор на текущий счет для дебетовой карты,eafc84fe8ec14f782899b9f586779e30,MasterCard Electronic,2019,-1,0,0,21400,0,832600,832600,dc
3287,a6810f96bed1952419e4cea161f840be,М,2002,2018-09-17,R,Геленджик,0,Договор на текущий счет для дебетовой карты,bf06696d2abbc96c90e93282ddfa0fbc,,-1,-1,0,0,0,0,0,0,dc
3290,b32549bc2a5b0216b1d4175857bead5d,Ж,1982,2016-10-14,R,Стерлитамак,0,Договор на текущий счет для дебетовой карты,c2027d2b26b017c2c4a3bada5bb883f0,Visa Platinum Rewards,2019,2020,0,0,400,0,3000,0,dc
77262,574ee1471451a8e8766dae63452d7a69,Ж,1948,2015-08-28,R,Стерлитамак,0,Договор на текущий счет для дебетовой карты,c34a8e39dce6142d331962b626b6e63e,МИР СКБ,2020,-1,0,0,50800,0,106500,16900,dc
3294,5297f488e228603e04c4078988286e8f,Ж,1997,2020-01-17,R,Москва,0,Договор на текущий счет для дебетовой карты,240c40448a8c7cc00f207ddc43a661ac,,-1,-1,0,0,0,0,0,0,dc
3295,ae87c6a65ee164a8856b355ee12a9da8,Ж,1955,2011-07-22,R,Москва,0,Договор на текущий счет для дебетовой карты,dfdd439d1d64385047fe21ebfb36b46e,VISA Classic Light,2016,2020,0,0,0,0,0,0,dc
3296,ae87c6a65ee164a8856b355ee12a9da8,Ж,1955,2011-07-22,R,Москва,0,Договор на текущий счет для дебетовой карты,bbcc4e3480f42162c0fe09f1646ea95d,Eurocard/MasterCard Mass,2019,-1,0,0,0,0,0,0,dc
184478,8006200827a69c8ca750ab81b488894c,М,1968,2003-06-05,R,Уфа,13100,Договор на текущий счет для дебетовой карты,4087536afa7a28c2638404601433d8ad,Eurocard/MasterCard Platinum,2020,-1,0,0,0,0,163200,163000,dc
3298,ebc65524f738944f38845fa367856ffe,М,1967,2020-05-25,R,Красноярск,0,Договор на текущий счет для дебетовой карты,c36bd53836ba7be8e391994b4d5eae05,Visa Platinum Rewards,2020,2020,12900,18,62700,300,1614000,1613800,dc
3299,7770179db7d67b504b60311f06a87e18,М,1961,2013-10-03,R,Уфа,0,Договор на текущий счет для дебетовой карты,7f323779c35627fa5ae1ed1522d8eaae,МИР СКБ ЗП,2019,-1,200,2,500,0,3300,3300,dc
3301,43c5b8faf2e8194ecc664ceeb3e69c78,М,1984,2020-04-22,R,Учалы,0,Договор на текущий счет для дебетовой карты,ac98c11ae259a8fbe65a59e12461b84c,"Дебет карта ПС МИР ""Бюджетная""",2020,-1,600,4,200,0,2100,2200,dc
166193,6c73c816011b6c2fab0dbdb336185326,Ж,1986,2018-01-24,R,Калтасы,0,Договор на текущий счет для дебетовой карты,53c8990f196680aa9b3801d331156987,МИР Debit,2018,2021,0,0,6700,0,30100,30100,dc
166194,6c73c816011b6c2fab0dbdb336185326,Ж,1986,2018-01-24,R,Калтасы,0,Договор на текущий счет для дебетовой карты,63b3ef1adf56d80ce61eeebaffc1e1cf,МИР Debit,2021,-1,0,0,6700,0,30100,30100,dc
27374,bd3fbd12c78252b44ac131152405807f,Ж,1964,2015-11-17,R,Уфа,32100,Договор на текущий счет для дебетовой карты,6d807913d65babee8045b1584a27eac3,VISA Classic Light,2020,2021,6100,2,7400,0,25400,0,dc
27375,bd3fbd12c78252b44ac131152405807f,Ж,1964,2015-11-17,R,Уфа,32100,Договор на текущий счет для дебетовой карты,5b4cd29c5fb102dd92bc7100e83a96c6,VISA Classic Light,2017,2021,6100,2,7400,0,25400,0,dc
3306,a4b66e7c7d17f7991d784ca42b1a192e,М,1958,2014-04-02,R,Уфа,0,Договор на текущий счет для дебетовой карты,a5b6dd304959f054a9a7ea0cfae82985,Eurocard/MasterCard World,2019,2021,0,0,0,0,0,0,cc
10466,f09b1bd55640a1fddd3bee6f7aed2af3,М,1994,2017-03-23,R,Туапсе,0,Договор на текущий счет для дебетовой карты,aac9058688a6be71aec1baab7abaf5fc,Eurocard/MasterCard Platinum,2020,-1,2600,9,4500,0,88400,88400,dc
3309,7b02658572f79a8c2b3c68cc1829b223,М,1953,2007-06-22,R,Анапа,0,Договор на текущий счет для дебетовой карты,618fb0fde2ff082bc9fcdc20342905a9,Eurocard/MasterCard Platinum,2018,2020,0,0,0,0,0,0,dc
49106,a1e08a1a4970121850babd63f9a266ac,Ж,2001,2016-10-12,R,Уфа,0,Договор на текущий счет для дебетовой карты,8fdbffe57c0010a24d0cdc50602bcc38,VISA Classic,2019,2020,0,0,100,0,400,400,dc
48148,b60b27c657f8b7165ade7bd09651ffd9,М,1986,2013-10-10,R,Белово,0,Договор на текущий счет для дебетовой карты,1fb14224f691c74fe684e57730433837,МИР Debit,2019,-1,0,0,0,0,8800,8800,dc
11684,cf7c85cdd722bfce13ed8b62ab2b0cd6,Ж,1982,2012-05-12,R,Уфа,0,Договор на текущий счет для дебетовой карты,45a65b8b0c19cce58ed415dedcc1175c,Visa Platinum Rewards,2019,2021,12000,80,17600,6800,566500,572000,dc
3314,23cb42b0ff6da195455371adf7149770,Ж,1989,2019-03-15,R,Москва,0,Договор на текущий счет для дебетовой карты,bf0fed996af91c364204f35e7dcb5a7a,VISA Classic,2019,2022,0,0,0,0,0,0,dc
9233,23cb42b0ff6da195455371adf7149770,Ж,1989,2019-03-15,R,Москва,0,Договор на текущий счет для дебетовой карты,bf0fed996af91c364204f35e7dcb5a7a,VISA Classic,2019,2022,0,1,0,0,0,0,dc
49214,05be523db89ef89257a4135e4c6ba913,Ж,1982,2008-04-05,R,Брянск,0,Договор на текущий счет для дебетовой карты,7cc981550eb8facbe9c46241b84b9b3b,Eurocard/MasterCard World,2020,2021,38200,2,0,0,49300,49300,cc
3317,5a85a849cddc3e1dea1b2dc956695370,М,1981,2004-05-31,R,Салават,0,Договор на текущий счет для дебетовой карты,10173981f7669266545885ad832fdf34,Visa Platinum Rewards,2020,2021,0,0,0,0,0,0,dc
88508,0b783929d7cb20431b78ceadfa01760d,М,1967,2019-11-27,R,Омск,0,Договор на текущий счет для дебетовой карты,4d51ad783e83ba9c9d8ef17768fb1770,VISA Classic Light,2019,2022,0,0,2900,200,39000,39200,dc
222135,047da5fac96ced363a8ffb59fbcb7c4d,М,1989,2019-04-05,R,Стерлитамак,0,Договор на текущий счет для дебетовой карты,7fed723d3a291444e730a8f71459e56b,,-1,-1,0,0,0,0,1000,1000,dc
24734,3558878dece2b842461f0d9e5b0843aa,М,1980,2013-01-23,R,Октябрьский,0,Договор на текущий счет для дебетовой карты,9e50613b85cf1f544e7a356d60002677,VISA Classic Light,2019,-1,53200,77,28800,31000,95500,92000,dc
234650,ed513fcf8743d99457d67ba55891d5f7,М,1977,2013-10-09,R,Омск,0,Договор на текущий счет для дебетовой карты,7c690ffe87751365f3b29ba49ef124ad,,-1,-1,0,0,44000,45100,22000,53100,dc
3323,fd8b0cec16433c44be1c178a72ff7afa,М,1969,2005-11-01,R,Мелеуз,200,Договор на текущий счет для дебетовой карты,635214e6839a1ff411d25ed9eb83af7b,VISA Classic Light,2017,2022,0,0,0,0,0,0,dc
3324,f7aa06747762d6b793b265edea421596,М,1987,2012-02-29,R,Старобалтачево,0,Договор на текущий счет для дебетовой карты,8911f4ea0f1650f74691034c247721b8,,-1,-1,0,0,0,0,0,0,dc
3325,0042bfe2af2f6e3354bbbf122560749d,Ж,1991,2017-10-03,R,Уфа,400,Договор на текущий счет для дебетовой карты,d754a4c915f39250a597eabf1117b78c,VISA Classic,2018,2020,0,0,4100,200,41200,36100,dc
56397,5e581e11589cafeac88eb290c1d62b5c,М,1981,2009-01-23,R,Старосубхангулово,0,Договор на текущий счет для дебетовой карты,957dd73b698698414a0ae2d992e0fa59,МИР СКБ ЗП,2019,-1,30900,45,237700,224100,181400,395600,dc
56398,5e581e11589cafeac88eb290c1d62b5c,М,1981,2009-01-23,R,Старосубхангулово,0,Договор на текущий счет для дебетовой карты,6bc099f2623c85af3193dfa21c8c407f,МИР СКБ ЗП,2021,-1,30900,45,237700,224100,181400,395600,dc
185021,143ca8cf037a2713e7b09052470d33c8,Ж,2000,2020-03-10,R,Уфа,0,Договор на текущий счет для дебетовой карты,e83613fe59035ee074689d2c014d9fd8,VISA Classic,2020,-1,12700,43,14600,100,48700,41800,dc
188041,e3ba635d62b6fb535ef488156d8802e7,Ж,1974,2011-03-04,R,Салават,220000,Кредитная карта,78011f3cdf3c1f02efd3d98ab2a97c92,,-1,-1,112700,28,0,0,188700,76100,dc
66947,6e2afd136f4cf1b2bc15774a746a7451,М,2000,2019-12-06,R,Уфа,0,Договор на текущий счет для дебетовой карты,cee65cb1467548f847e1638c9e1dc5aa,Visa Platinum Rewards,2021,-1,42300,33,8600,100,42300,30300,dc
66948,6e2afd136f4cf1b2bc15774a746a7451,М,2000,2019-12-06,R,Уфа,0,Договор на текущий счет для дебетовой карты,4b693428b091e713ff45aea3e77d533f,Visa Platinum Rewards,2019,2021,42300,33,8600,100,42300,30300,dc
3336,4799bb5050ff48b62fcd5aa094cdc2db,Ж,1999,2015-10-09,R,Салават,0,Договор на текущий счет для дебетовой карты,dda645489bf5188bf3872f3fd371560a,MasterCard Electronic,2015,2018,0,0,0,0,0,0,dc
3337,4799bb5050ff48b62fcd5aa094cdc2db,Ж,1999,2015-10-09,R,Салават,0,Договор на текущий счет для дебетовой карты,64c9b0acc5b4d63539d20a25a49d4332,"Дебет карта ПС МИР ""Бюджетная""",2018,2020,0,0,0,0,0,0,dc
144714,a66df632c2e0e1737c686eba91578508,Ж,1968,2005-08-10,R,Брянск,0,Договор на текущий счет для дебетовой карты,e5afe205a4d83230763c10de9bd6a59f,Eurocard/MasterCard World,2019,2021,6000,29,600,0,6500,6500,dc
15874,2a91d419fc158bd01afed7962827601b,Ж,1973,2012-02-01,R,Архангельское,0,Договор на текущий счет для дебетовой карты,2ae20ab015b65b7c70de5f073db274a9,МИР СКБ,2018,2022,14700,16,23300,10600,488800,484100,dc
15875,2a91d419fc158bd01afed7962827601b,Ж,1973,2012-02-01,R,Архангельское,0,Договор на текущий счет для дебетовой карты,475edf9e5cd4b10e7f8fb1636a403ee5,МИР СКБ,2019,-1,14700,16,23300,10600,488800,484100,dc
122107,d3316cce659c0422f0580bf0dc0d78fb,Ж,1982,2016-10-28,R,Москва,340000,Кредитная карта,47bd5a4f78c8f503c440137aef4d339f,,-1,-1,0,0,100,0,562000,562000,dc
53941,d8a7a4c67418802ba8c268d9ab306920,Ж,1971,2018-10-24,R,Смоленск,0,Договор на текущий счет для дебетовой карты,2b391db8bc859d46295c2be96f14d1e6,,-1,-1,0,0,0,0,45000,45000,dc
3351,85b16d5897191e02b57e9f5735f825bc,Ж,1998,2018-10-29,R,Москва,0,Договор на текущий счет для дебетовой карты,03acfafb3bd6e9f2ff73d49bcfffb74b,MasterCard Electronic,2018,2021,0,0,0,0,0,0,dc
67289,a5184a92ab7e3007e4ca18b32438c305,Ж,1978,2019-06-05,R,Златоуст,0,Договор на текущий счет для дебетовой карты,7b59eb2bd67e09fe181fc415d96f8f4b,VISA Gold,2019,-1,0,0,1700,0,37800,37800,dc
141922,90dd568226bbbf719d5042536d8b2d2f,Ж,1967,2020-06-23,R,Нижний Новгород,0,Договор на текущий счет для дебетовой карты,a2d88029a202dd2c5b68cf72824a22d6,Eurocard/MasterCard Mass,2020,-1,0,0,3900,0,25000,25100,dc
3356,5f88dbfc6648e6ecebe4576082b27268,Ж,1981,2012-10-01,R,Краснодар,0,Договор на текущий счет для дебетовой карты,8d23496d0c4991a300cfaa2e61b1f9e2,Eurocard/MasterCard Gold,2019,2019,0,0,0,0,0,0,dc
3357,a962e6326b2e1b4a65f58153c4081340,Ж,1967,2018-07-20,R,Стерлитамак,0,Договор на текущий счет для дебетовой карты,ff4112813f55034c962ca0a5046d729b,МИР СКБ,2018,2022,0,0,0,0,0,0,dc
3358,4684d4b2e56d0ce0132d397ba4b76229,М,1965,2009-04-27,R,Сибай,0,Договор на текущий счет для дебетовой карты,6b9a9dc3d22da4ad13ac389a2c161b66,"Дебет карта ПС МИР ""Бюджетная""",2018,2021,0,0,0,0,0,0,dc
3359,30ed4315b5579979fde62af448db3aed,М,1981,2018-04-20,R,Белгород,0,Договор на текущий счет для дебетовой карты,fa63a35802decbb82a737053e72afb71,VISA Classic Light,2019,2022,14900,119,7200,300,54600,54900,dc
3360,30ed4315b5579979fde62af448db3aed,М,1981,2018-04-20,R,Белгород,0,Договор на текущий счет для дебетовой карты,a85cf2695b03027ce71bb2efb7bc1e99,VISA Classic Light,2018,2019,14900,119,7200,300,54600,54900,dc
264935,de31559ad03fd91d44ca7a82026a0fbd,Ж,1975,2014-10-07,R,Дюртюли,0,Договор на текущий счет для дебетовой карты,a98b3c48321d6dfdb3f53ecbfcd516db,"Дебет карта ПС МИР ""Бюджетная""",2017,2021,3700,11,10200,2500,118700,120600,dc
264936,de31559ad03fd91d44ca7a82026a0fbd,Ж,1975,2014-10-07,R,Дюртюли,0,Договор на текущий счет для дебетовой карты,b3a7734ee1541ee0266541b70185716d,"Дебет карта ПС МИР ""Бюджетная""",2020,-1,3700,11,10200,2500,118700,120600,dc
61909,2a2ce47d078870c3cab699128548722b,Ж,1976,2016-09-30,R,Баймак,0,Договор на текущий счет для дебетовой карты,2f9793d826ef966e71759dc8575eeeb0,"Дебет карта ПС МИР ""Бюджетная""",2017,2021,10000,39,17900,44100,70000,112300,dc
61910,2a2ce47d078870c3cab699128548722b,Ж,1976,2016-09-30,R,Баймак,0,Договор на текущий счет для дебетовой карты,c84411b79e1a8b60e42cb80e23d63d2d,VISA Classic Light,2016,2018,10000,39,17900,44100,70000,112300,dc
61911,2a2ce47d078870c3cab699128548722b,Ж,1976,2016-09-30,R,Баймак,0,Договор на текущий счет для дебетовой карты,0c33938590a921fadd4a033cb0932934,"Дебет карта ПС МИР ""Бюджетная""",2020,-1,10000,39,17900,44100,70000,112300,dc
58062,73937137a7eae30413839d2c5b360ee7,Ж,1961,2007-08-15,R,Раевский,180000,Кредитная карта,c2267460624469ce9c0775767c9134a0,,-1,-1,43600,17,0,0,84600,84600,dc
23778,430058e7afae680d639082a16421f6f8,М,1981,2019-11-19,R,Челябинск,0,Договор на текущий счет для дебетовой карты,afa22be6aae6bd2ec07bdab0cd6887df,Eurocard/MasterCard Mass,2019,-1,7500,28,2700,2700,9400,9600,dc
3374,2752c5d1c284a9e33b67f5b4d2557474,Ж,1973,2011-09-02,R,Кумертау,0,Кредитная карта,92786ea7d43d154135c766613a8fa83c,,-1,-1,0,0,0,0,0,0,dc
92379,7eef975036e45337389f5c9568caf88f,М,1963,2011-04-18,R,Мелеуз,0,Договор на текущий счет для дебетовой карты,1c65327dfd5d18f6ad5227863835ba83,МИР СКБ,2017,2021,1400,8,5100,100,15000,15100,dc
92380,7eef975036e45337389f5c9568caf88f,М,1963,2011-04-18,R,Мелеуз,0,Договор на текущий счет для дебетовой карты,9a3e8ebe0735e2dc153616042981e978,МИР СКБ,2020,-1,1400,8,5100,100,15000,15100,dc
22942,cc446391be74acb9e676e3546300ff13,Ж,1997,2018-03-14,R,Уфа,600,Договор на текущий счет для дебетовой карты,9915a3f55ed4135286ee2a7da4d11b02,VISA Classic,2018,2021,3200,19,6200,2300,33300,35500,dc
3378,3efe99666aa4c8f00765edc23b45c84a,М,1964,2018-12-12,R,Санкт-Петербург,0,Договор на текущий счет для дебетовой карты,0ab81df16ce75b91af71abfd031b738d,,-1,-1,0,0,0,0,0,0,dc
102407,c9404351528cb8cf5de3198dcff30c88,Ж,1982,2012-08-01,R,Стерлитамак,0,Договор на текущий счет для дебетовой карты,82b298599a7a35bbb26a91f114d237ed,МИР СКБ,2018,2022,0,0,0,0,20000,20000,dc
3380,612bcce55d958f49e2313c51d302beb9,Ж,1980,2020-03-27,R,Красноусольский,0,Договор на текущий счет для дебетовой карты,210445cd6c3a3277b5dd4e8a52965921,,-1,-1,0,0,0,0,0,0,dc
279642,45212aea727e95bcf08e9fdda93754e6,М,1986,2011-07-04,R,Месягутово,0,Договор на текущий счет для дебетовой карты,39eea63ba6a9cf00a6d259928f3bd864,MasterCard Electronic,2019,-1,0,0,4300,21400,41300,41200,dc
146364,d1c1041ad5fab5fbd849660439ef3a82,Ж,1999,2017-10-04,R,Краснодар,0,Договор на текущий счет для дебетовой карты,7e1ab4b9834c270b1710b6179c743cca,"Дебет карта ПС МИР ""Бюджетная""",2017,2021,0,0,800,600,19500,18900,dc
146365,d1c1041ad5fab5fbd849660439ef3a82,Ж,1999,2017-10-04,R,Краснодар,0,Договор на текущий счет для дебетовой карты,352e49408f017d639abe4610f189d074,"Дебет карта ПС МИР ""Бюджетная""",2020,-1,0,0,800,600,19500,18900,dc
248701,985b4fbbc642db9cf588df42e3257516,Ж,1948,2002-03-25,R,Сочи,0,Договор на текущий счет для дебетовой карты,68f787e275266b8379eeee36dd48300e,VISA Classic,2017,2020,45300,82,54800,38200,345400,346700,dc
248702,985b4fbbc642db9cf588df42e3257516,Ж,1948,2002-03-25,R,Сочи,0,Договор на текущий счет для дебетовой карты,cd3d23ff03d3bbcff9993387799c4951,Eurocard/MasterCard Platinum,2020,-1,45300,82,54800,38200,345400,346700,dc
3388,726f2c87f2d52951b98f10b599bacdd3,Ж,1956,2010-12-28,R,Сочи,0,Договор на текущий счет для дебетовой карты,4b749963bd4e92f17c238fdebb4e0ab6,МИР СКБ,2022,-1,0,0,0,0,0,0,dc
3389,726f2c87f2d52951b98f10b599bacdd3,Ж,1956,2010-12-28,R,Сочи,0,Договор на текущий счет для дебетовой карты,77725c3a3daab43402898ece50732ab3,МИР СКБ,2017,2021,0,0,0,0,0,0,dc
3393,70749ad7515bfdd8ae99b182e7deca43,М,1993,2015-10-23,R,Октябрьский,0,Договор на текущий счет для дебетовой карты,392ac1543b8ed01c94312c4814b8b642,VISA Classic Light,2015,2018,0,0,0,0,0,0,dc
3394,701a871034ca56dd6568e3929d3ae4a6,М,1962,2013-04-01,R,Орёл,0,Договор на текущий счет для дебетовой карты,571c1d590d973484ed30f77a858da5c7,Eurocard/MasterCard World,2020,2020,0,0,0,0,0,0,cc
94229,a080c2e52f93184e6deb91b79719b269,М,1993,2016-01-18,R,Уфа,0,Договор на текущий счет для дебетовой карты,49e3501eed88fcb0f73c5d601e980a34,VISA Classic Light,2019,-1,12100,23,3600,0,33700,28800,dc
189352,dedec5ff0fa5a2c49defb90e0ad41b76,Ж,1977,2006-04-27,R,Мелеуз,0,Договор на текущий счет для дебетовой карты,3e60d511fa117c2278ea97907c5f40ef,МИР СКБ ЗП,2020,-1,0,0,3300,6500,442800,449300,dc
11601,107502106a268a3a8496e7dfedc46a86,М,1998,2017-10-26,R,Уфа,0,Договор на текущий счет для дебетовой карты,0fe7ec95361c53312e9f32a4852c452e,"Дебет карта ПС МИР ""Бюджетная""",2017,2021,0,0,2400,0,76000,76000,dc
3399,773ab305bc71a08161a9c62abb4929a4,М,2001,2017-11-30,R,Месягутово,0,Договор на текущий счет для дебетовой карты,5391c51f8a17a9652b1e53c0bbf21c03,МИР СКБ,2017,2021,0,0,0,0,0,0,dc
3400,773ab305bc71a08161a9c62abb4929a4,М,2001,2017-11-30,R,Месягутово,0,Договор на текущий счет для дебетовой карты,19e795a7afa86ee538b68ea8e039f05d,МИР СКБ,2020,-1,0,0,0,0,0,0,dc
3401,76840fa6b7a59594a50158875b813e45,М,1987,2018-11-28,R,Кумертау,0,Договор на текущий счет для дебетовой карты,f57e779c4fb267b17153d2f7e62e6932,VISA Classic,2018,2021,0,0,0,0,0,0,dc
3407,59cde5a5c61dfb374afb1431925b6199,М,1985,2010-12-10,R,Октябрьский,0,Договор на текущий счет для дебетовой карты,8edc101cef8fd0d978978fbc9bd628b5,VISA Classic,2017,2021,4700,19,300,1300,9600,10800,dc
3411,c766b2a2efa64b5747bfa43df80621bb,Ж,1966,2008-08-27,R,Салават,50000,Кредитная карта,3894ba5349f87e5f054c54781d331fcd,,-1,-1,0,0,0,0,0,0,dc
125898,ef7aa1c197e0a3af14807da165943f08,Ж,2000,2018-09-05,R,Краснодар,0,Договор на текущий счет для дебетовой карты,5dcbb8b2cbf265b84bb8bd948801a6dc,"Дебет карта ПС МИР ""Бюджетная""",2020,-1,33000,5,2400,2900,33100,35900,dc
125899,ef7aa1c197e0a3af14807da165943f08,Ж,2000,2018-09-05,R,Краснодар,0,Договор на текущий счет для дебетовой карты,e2e64b0c1bc643a67df02424d59c4977,"Дебет карта ПС МИР ""Бюджетная""",2018,2020,33000,5,2400,2900,33100,35900,dc
3415,e4d7bfecc7bda509308c3e63fa133c09,Ж,1982,2012-09-20,R,Учалы,0,Договор на текущий счет для дебетовой карты,e67816c7065423b3292f008c51bc907a,,-1,-1,0,0,0,0,0,0,dc
3416,8f98e6f426f099376cb141dafcdda0e7,Ж,1957,2019-12-18,R,Саратов,0,Договор на текущий счет для дебетовой карты,1856b148c434f95bb79fcc06a1073d4a,Visa Platinum Rewards,2019,-1,0,0,0,0,0,0,dc
58675,8f98e6f426f099376cb141dafcdda0e7,Ж,1957,2019-12-18,R,Саратов,0,Договор на текущий счет для дебетовой карты,1856b148c434f95bb79fcc06a1073d4a,Visa Platinum Rewards,2019,-1,0,1,0,0,0,0,dc
45377,a8652125c9305f3e501b361357415fb8,М,1960,2012-08-29,R,Октябрьский,50000,Кредитная карта,49d778a1f5144ef2331de4fbe4c67266,,-1,-1,70500,117,200,0,153800,153800,dc
46357,687cd27bb79d74d16da549b9efd19a6b,М,1986,2017-08-10,R,Раевский,100,Договор на текущий счет для дебетовой карты,4d4911e96d7212c20089818f05444bb0,МИР СКБ ЗП,2021,-1,18200,13,9300,8200,136000,138900,dc
46358,687cd27bb79d74d16da549b9efd19a6b,М,1986,2017-08-10,R,Раевский,100,Договор на текущий счет для дебетовой карты,9e6f5ea8af68990b4623e58b05750810,VISA Classic Light,2017,2021,18200,13,9300,8200,136000,138900,dc
3422,0b6cacd33565298aa054899397238f10,Ж,1995,2017-12-21,R,Месягутово,0,Договор на текущий счет для дебетовой карты,1b6070c5c975f5e178915b5ecfb7adb8,МИР Debit,2017,2020,0,0,0,0,0,0,dc
75216,e6f5639b87c8fe3a66e9bbc64557e840,Ж,1963,2019-12-20,R,Новосибирск,0,Договор на текущий счет для дебетовой карты,2ff2aba24b3bb62381375bf59bedccd8,Visa Platinum Rewards,2019,-1,8800,10,377300,167800,1310800,1067400,dc
3424,1f764cd65ee113f96f9a814b3079c505,Ж,1966,2011-03-01,R,Сибай,100000,Кредитная карта,cdfb41bf4abed2c374b6033b67d20f3f,,-1,-1,0,0,0,0,0,0,dc
3426,625ef8b33a6ca30ccbcfc9023365cbdc,Ж,1987,2019-07-23,R,Нефтекамск,0,Договор на текущий счет для дебетовой карты,135b220a0fac3bc8a826fd0ff073d2b2,,-1,-1,0,0,0,0,0,0,dc
3429,fea2ff755523f280be1d3253f49a7194,Ж,1959,2016-10-17,N,Москва,1000,Договор на текущий счет для дебетовой карты,089b49df4669953465ba00e73e584fd5,VISA Classic,2022,-1,1800,3,1992900,2454500,1747800,1674900,dc
287919,f2fd4a3ff98431e277dbe42dd9d01628,Ж,1974,2012-06-21,R,Уфа,0,Договор на текущий счет для дебетовой карты,a406024cb66894f81bb8cbef432da95a,МИР Debit,2017,2018,47800,102,105900,551400,232400,764700,dc
287920,f2fd4a3ff98431e277dbe42dd9d01628,Ж,1974,2012-06-21,R,Уфа,0,Договор на текущий счет для дебетовой карты,b7e25d22d52a6c05748c3a70d44ab028,"Дебет карта ПС МИР ""Бюджетная""",2018,2021,47800,102,105900,551400,232400,764700,dc
287921,f2fd4a3ff98431e277dbe42dd9d01628,Ж,1974,2012-06-21,R,Уфа,0,Договор на текущий счет для дебетовой карты,c18120f823d0a992c6119c8e800995a7,"Дебет карта ПС МИР ""Бюджетная""",2021,2021,47800,102,105900,551400,232400,764700,dc
287922,f2fd4a3ff98431e277dbe42dd9d01628,Ж,1974,2012-06-21,R,Уфа,0,Договор на текущий счет для дебетовой карты,3150013b550aad28b69e7e30bec0ea78,VISA Classic Light,2016,2018,47800,102,105900,551400,232400,764700,dc
287923,f2fd4a3ff98431e277dbe42dd9d01628,Ж,1974,2012-06-21,R,Уфа,0,Договор на текущий счет для дебетовой карты,7a08191d4de81753c2c43af50bcb8648,"Дебет карта ПС МИР ""Бюджетная""",2021,-1,47800,102,105900,551400,232400,764700,dc
3436,39241b5a263b7279e06f7c9543444393,М,1978,2013-03-07,R,Салават,0,Договор на текущий счет для дебетовой карты,636dec209cebd5c703882b67b919c1b1,,-1,-1,0,0,0,0,0,0,dc
3437,f598aaafd5e41bba06a7a311d7c1fa52,М,1989,2013-02-13,R,Октябрьский,0,Договор на текущий счет для дебетовой карты,977855e31f96f5ac855213e6f4e77f0e,VISA Classic Light,2016,2020,0,0,28300,37400,556800,568200,dc
3438,f598aaafd5e41bba06a7a311d7c1fa52,М,1989,2013-02-13,R,Октябрьский,0,Договор на текущий счет для дебетовой карты,2274a78ea1aab2dcaaa996a4b7b4eeed,VISA Classic Light,2019,-1,0,0,28300,37400,556800,568200,dc
165538,c733e164db9da5db74f4f9deb6c24e26,М,1958,2010-01-27,R,Сибай,0,Договор на текущий счет для дебетовой карты,fe634f8b12600d11497f96a02b7d99e3,МИР Debit,2020,-1,10700,42,6900,900,27200,21200,dc
165539,c733e164db9da5db74f4f9deb6c24e26,М,1958,2010-01-27,R,Сибай,0,Договор на текущий счет для дебетовой карты,30e5a61f41b3c0abdfa43c48da745339,МИР Debit,2017,2020,10700,42,6900,900,27200,21200,dc
108235,4fc59cb4a002fd4a86c7833364aeb31c,Ж,1994,2019-02-07,R,Москва,500,Договор на текущий счет для дебетовой карты,77a3efb90e4350989256ca2060c9398d,VISA Classic,2019,-1,300,1,1000,700,300,0,dc
3442,ca24b230c957ed3937599d65edcb2768,М,1981,2020-03-23,N,Москва,0,Договор на текущий счет для дебетовой карты,431da6c17eccd703c02b7c9a1d4038a3,,-1,-1,0,0,0,0,0,0,dc
260062,49d64cf50dd40261795784e340682402,М,1982,2014-02-27,R,Петрозаводск,180000,Кредитная карта,8feade958a1fe1db3c2c3acf510a53f2,,-1,-1,481100,83,8200,0,908600,427400,dc
51775,6d33d52586768f12fc3bbaa4e3458c2c,Ж,1982,2012-09-20,R,Учалы,0,Договор на текущий счет для дебетовой карты,cb984ca22cf96bcb3bce043ad99463db,VISA Classic,2018,2021,3600,5,54200,1500,231600,233100,dc
3445,f3afdec6a3891ad3cd3a78edd2478ac7,Ж,1998,2019-02-25,R,Уфа,0,Договор на текущий счет для дебетовой карты,271e29ad409578b07c19b937f5c84a2c,"Дебет карта ПС МИР ""Бюджетная""",2019,2022,400,2,800,0,8700,5500,dc
118133,449d34d06278bceb2de88107ca133efd,Ж,1995,2017-10-17,R,Ижевск,0,Договор на текущий счет для дебетовой карты,ee3f2c422fefa31cc06a458151f55fe3,VISA Classic,2017,2021,0,0,200,0,40700,36800,dc
118134,449d34d06278bceb2de88107ca133efd,Ж,1995,2017-10-17,R,Ижевск,0,Договор на текущий счет для дебетовой карты,7613ca08f86868954c6a868b9fa24d24,Eurocard/MasterCard Platinum,2020,-1,0,0,200,0,40700,36800,dc
118135,449d34d06278bceb2de88107ca133efd,Ж,1995,2017-10-17,R,Ижевск,0,Договор на текущий счет для дебетовой карты,25f6104023ab22f72bc901027c1a346d,VISA Classic Light,2017,2021,0,0,200,0,40700,36800,dc
263744,deec11890f757b2116dea4ec9c856ad0,Ж,1970,2015-05-20,R,Ишимбай,0,Договор на текущий счет для дебетовой карты,1ab1fe26023e46913871a563bcd73131,Eurocard/MasterCard Platinum,2020,-1,5400,3,2200,10300,525800,536100,dc
11419,aae141b6d3e0e1185b2953e1cb457719,Ж,1982,2017-07-11,R,Ростов-на-Дону,100,Договор на текущий счет для дебетовой карты,4e72f62ee7cdca419bfe3fb0388ee430,VISA Classic,2017,2021,0,0,242700,90700,700100,531200,dc
11420,aae141b6d3e0e1185b2953e1cb457719,Ж,1982,2017-07-11,R,Ростов-на-Дону,100,Договор на текущий счет для дебетовой карты,a1d2f1df3e17fcd6cddf55002d31b6f0,VISA Classic,2020,-1,0,0,242700,90700,700100,531200,dc
162148,4b881f5735f8bbfd04fa3f99ce4b8267,М,1974,2014-08-21,R,Екатеринбург,2100,Договор на текущий счет для дебетовой карты,306d3eb217541532530a985421a5b073,Eurocard/MasterCard World,2020,-1,69900,50,0,0,182000,182000,cc
99438,2db9b6ede2cecc9d9cbe466641920bab,М,1966,2010-09-06,R,Уфа,285000,Кредитная карта,ccbc3caf603a8738b611036514e5a1f2,,-1,-1,12300,3,0,0,40400,40400,dc
280262,7ecd670c49568102bc62c35b29a47267,Ж,1980,2018-04-04,R,Октябрьский,0,Договор на текущий счет для дебетовой карты,8500973babfd4957422a680267bd3ff1,МИР СКБ ЗП,2018,2021,15200,51,2900,3600,32000,29900,dc
280263,7ecd670c49568102bc62c35b29a47267,Ж,1980,2018-04-04,R,Октябрьский,0,Договор на текущий счет для дебетовой карты,72bbd9891659f824eba59046677d9e2e,VISA Classic,2021,-1,15200,51,2900,3600,32000,29900,dc
280264,7ecd670c49568102bc62c35b29a47267,Ж,1980,2018-04-04,R,Октябрьский,0,Договор на текущий счет для дебетовой карты,fba0911ae29d616197da129e43202b0d,VISA Classic,2021,2021,15200,51,2900,3600,32000,29900,dc
280265,7ecd670c49568102bc62c35b29a47267,Ж,1980,2018-04-04,R,Октябрьский,0,Договор на текущий счет для дебетовой карты,2d5c14f777f3ba2b6a91c6114850fe71,VISA Classic,2018,2021,15200,51,2900,3600,32000,29900,dc
58886,085f798c5b889095a33b44844be5f4e2,М,1969,2019-10-15,R,Санкт-Петербург,0,Договор на текущий счет для дебетовой карты,8510b32396ecc032972a8c251a3058bc,,-1,-1,0,0,100,0,1000,1000,dc
173675,62601398b4bbc87179ee6134ff8f9ffa,М,1976,2018-08-08,R,Октябрьский,130000,Кредитная карта,a7687b2367a9eec955778adb386ed601,,-1,-1,352500,101,11000,0,507800,501800,dc
3467,cab4bbcf2e270ea50acf350d90ea4163,М,1960,2015-11-13,R,Санкт-Петербург,6000,Договор на текущий счет для дебетовой карты,ca69ea5b7157747cae505a9f4a55665b,MasterCard Black Edition,2019,2019,0,0,0,0,0,0,dc
3468,cab4bbcf2e270ea50acf350d90ea4163,М,1960,2015-11-13,R,Санкт-Петербург,6000,Договор на текущий счет для дебетовой карты,0642de4ed37489237f746ebbbac2c69f,Priority Pass,2019,2019,0,0,0,0,0,0,dc
3469,cab4bbcf2e270ea50acf350d90ea4163,М,1960,2015-11-13,R,Санкт-Петербург,6000,Договор на текущий счет для дебетовой карты,7aced3232206144861e4c1069aeb3de4,American Express Premier,2019,2019,0,0,0,0,0,0,dc
3470,190dabbf5a2a3d5e680c61e0df750e23,Ж,1956,2019-02-02,R,Октябрьский,22000,Кредитная карта,76701c44ae7cc3e026340f56143ea53c,,-1,-1,2900,5,300,0,9400,6500,dc
58885,9b5c28119fa22bc989d2df8a21ebfb8b,М,1978,2011-04-28,R,Тула,0,Договор на текущий счет для дебетовой карты,8bb666acd9a945e04dfa1a1d69e73ff7,Visa Platinum Rewards,2020,2021,0,0,11800,5000,80800,80000,dc
3473,43d38f6c90ed236c94043fcf6e1eba5a,М,1961,2019-08-16,R,Ростов-на-Дону,0,Договор на текущий счет для дебетовой карты,6e22ab811cb8f42b658d349cae243f4b,Eurocard/MasterCard World,2019,2020,0,0,0,0,0,0,dc
130746,15895954cd0a60a05ce31c18adda1587,М,1955,2011-04-15,R,Томск,150000,Кредитная карта,360531ab9fed63055feef662a4b37fd0,,-1,-1,47800,12,0,0,51500,51500,dc
266602,c8b09f0631711d6fcb98a1a9c3b2eb06,М,1984,2017-08-07,R,Самара,0,Договор на текущий счет для дебетовой карты,acba20def8ad6c15946b92737f188f61,VISA Classic,2017,2021,0,0,15600,45100,226800,240500,dc
3476,3a13c6893318ba95b796f04ee5403fe9,Ж,1974,2018-12-05,R,Вологда,0,Договор на текущий счет для дебетовой карты,493b7c0db22c0e2eac0e798b6e41e9ce,Eurocard/MasterCard Mass,2018,2021,0,0,0,0,0,0,dc
34703,4286cae7773a51b1571c1795521e0c0e,Ж,1995,2011-08-23,R,Уфа,0,Договор на текущий счет для дебетовой карты,6594ec19e14b31947d0110da3656e0c7,МИР СКБ ЗП,2020,-1,0,0,2300,0,23000,23000,dc
3481,287efd9f0059aa0f91087f8f812391cb,Ж,1972,2015-08-14,R,Уфа,0,Договор на текущий счет для дебетовой карты,09260e7f23ccc83054176f92c715f825,МИР СКБ,2018,2022,0,0,0,0,0,0,dc
138689,0ac6c156be45b01e910103a7c2a47079,Ж,1960,2013-10-08,R,Верхние Татышлы,0,Договор на текущий счет для дебетовой карты,cd22365e7e3f95e82f073fe415e1a5d8,"Дебет карта ПС МИР ""Бюджетная""",2020,-1,800,1,19700,11700,80800,78100,dc
138690,0ac6c156be45b01e910103a7c2a47079,Ж,1960,2013-10-08,R,Верхние Татышлы,0,Договор на текущий счет для дебетовой карты,336d4cc521e43f5b5a34f3c858c304fc,"Дебет карта ПС МИР ""Бюджетная""",2017,2021,800,1,19700,11700,80800,78100,dc
3485,5f49fa71061997f6577608e6a274cf14,Ж,1968,2018-01-24,R,Стерлитамак,0,Договор на текущий счет для дебетовой карты,7d2c171cc32c24c15eb5122d8329cc85,МИР СКБ,2018,2018,0,0,0,0,0,0,dc
43536,e2ebb686396f51f8ac5ecefbd39e6561,М,1968,2018-01-30,R,Туймазы,500,Договор на текущий счет для дебетовой карты,51a2c1f7aafaf93a1f32c3aef722231b,,-1,-1,0,0,51500,61400,30600,91800,dc
84622,90645a803f382569905ac37d7fdeda8c,М,1961,2012-03-22,R,Уфа,400,Договор на текущий счет для дебетовой карты,230960d772d8db94e87e915fad5f8dff,Eurocard/MasterCard World,2019,-1,70800,10,1800,0,138300,138300,cc
3490,73750b1eda04b1d3e569f551915c5517,Ж,1970,2010-02-04,R,Бирск,0,Договор на текущий счет для дебетовой карты,03e0b47e60b888464618b6dd636b58d1,МИР Debit,2018,2021,0,0,0,0,0,0,dc
278078,1c971f5a2effbe5fe14362bcf930692c,Ж,1980,2017-03-24,R,Москва,0,Договор на текущий счет для дебетовой карты,6d4b40a8ab3a03fb7dd8a31d017dbc86,VISA Platinum,2020,-1,0,0,0,0,63900,63900,dc
136728,bf2cd6eceedd5ea8e8f136fa9604b0e4,М,1961,2007-07-24,R,Учалы,0,Договор на текущий счет для дебетовой карты,20ca93bc3cb67c3d712649202ff74afe,МИР СКБ,2022,-1,88000,1,16000,2300,88100,90000,dc
145998,48b9879650435163220746d9d7e4a822,М,1966,2008-05-20,R,Сибай,0,Договор на текущий счет для дебетовой карты,eab686c1db90296b9d2ea2727a7f38bb,Eurocard/MasterCard World,2019,-1,9300,7,0,0,35800,35800,cc
212177,a303e0382e6c5fbe53c4d12656929463,М,1990,2018-03-28,R,Петрозаводск,0,Договор на текущий счет для дебетовой карты,397c96b7967007f8b98501de0c00e247,VISA Classic,2018,2021,29000,16,9000,14800,38300,53100,dc
212178,a303e0382e6c5fbe53c4d12656929463,М,1990,2018-03-28,R,Петрозаводск,0,Договор на текущий счет для дебетовой карты,e084a09451d592c69428b026d900efb9,VISA Classic,2021,-1,29000,16,9000,14800,38300,53100,dc
56454,610f6afb15dc2bcc98eb4c3f93328abc,Ж,1984,2009-09-02,R,Уфа,0,Договор на текущий счет для дебетовой карты,998269d8890daa47a6cf06949b7d2a11,VISA Classic,2017,2018,400,4,0,0,500,500,dc
56455,610f6afb15dc2bcc98eb4c3f93328abc,Ж,1984,2009-09-02,R,Уфа,0,Договор на текущий счет для дебетовой карты,984e967ebdf324193ec7183fc2b2d902,VISA Classic,2018,2021,400,4,0,0,500,500,dc
99537,6b55a597bd827d06a8942a89525f1e06,М,1966,2010-09-06,R,Уфа,0,Договор на текущий счет для дебетовой карты,75d70f344da859d6da5e7bde53b7d05d,Eurocard/MasterCard World,2019,-1,12300,3,0,0,40400,40400,cc
3504,b6d5032e7094be6fe1258bd0959dfcde,Ж,1987,2013-12-03,R,Уфа,0,Договор на текущий счет для дебетовой карты,47642b118c511cb3e7c6ae192ad24d8b,МИР Debit,2017,2020,0,0,4000,4600,4600,9200,dc
25983,b6d5032e7094be6fe1258bd0959dfcde,Ж,1987,2013-12-03,R,Уфа,0,Договор на текущий счет для дебетовой карты,47642b118c511cb3e7c6ae192ad24d8b,МИР Debit,2017,2020,0,0,3900,4700,4600,9200,dc
47442,b6d5032e7094be6fe1258bd0959dfcde,Ж,1987,2013-12-03,R,Уфа,0,Договор на текущий счет для дебетовой карты,47642b118c511cb3e7c6ae192ad24d8b,МИР Debit,2017,2020,0,0,2900,4700,4600,9200,dc
110894,b6d5032e7094be6fe1258bd0959dfcde,Ж,1987,2013-12-03,R,Уфа,0,Договор на текущий счет для дебетовой карты,47642b118c511cb3e7c6ae192ad24d8b,МИР Debit,2017,2020,0,0,1600,4600,4600,9200,dc
3505,b6d5032e7094be6fe1258bd0959dfcde,Ж,1987,2013-12-03,R,Уфа,0,Договор на текущий счет для дебетовой карты,c84cf9d534727ec81fc108d4e799cee1,МИР Debit,2020,-1,0,0,4000,4600,4600,9200,dc
25984,b6d5032e7094be6fe1258bd0959dfcde,Ж,1987,2013-12-03,R,Уфа,0,Договор на текущий счет для дебетовой карты,c84cf9d534727ec81fc108d4e799cee1,МИР Debit,2020,-1,0,0,3900,4700,4600,9200,dc
47443,b6d5032e7094be6fe1258bd0959dfcde,Ж,1987,2013-12-03,R,Уфа,0,Договор на текущий счет для дебетовой карты,c84cf9d534727ec81fc108d4e799cee1,МИР Debit,2020,-1,0,0,2900,4700,4600,9200,dc
110895,b6d5032e7094be6fe1258bd0959dfcde,Ж,1987,2013-12-03,R,Уфа,0,Договор на текущий счет для дебетовой карты,c84cf9d534727ec81fc108d4e799cee1,МИР Debit,2020,-1,0,0,1600,4600,4600,9200,dc
261967,75821cfd17253ae4ded409b289cccc68,Ж,1997,2019-10-03,R,Уфа,100,Договор на текущий счет для дебетовой карты,8da57c0c4034a9e3cb436ff997239b60,"Дебет карта ПС МИР ""Бюджетная""",2019,-1,9000,18,15800,10200,160700,149500,dc
3507,6274b4108d6c3b0859cd4732dfbc9901,Ж,1991,2020-03-20,R,Старосубхангулово,0,Договор на текущий счет для дебетовой карты,f9b5f3ccf6de8a8b2b06d68501bb9363,Visa Platinum Rewards,2019,2020,0,0,0,0,0,0,dc
3508,06bd93bd145957b3233d3c31c9d66524,М,1977,2013-06-05,R,Златоуст,0,Договор на текущий счет для дебетовой карты,882dc7af282ae040aa321c59ed2e0ec5,MasterCard Electronic,2018,2021,0,0,0,0,0,0,dc
3511,6b838219eadcb0fc840286937fad4463,Ж,1979,2018-05-15,R,Баймак,0,Договор на текущий счет для дебетовой карты,77eca25aa41f62a7d2f3874f743f796d,"Дебет карта ПС МИР ""Бюджетная""",2018,2021,1400,3,1700,700,1500,0,dc
205754,c513e0e4440c5df44a591f83397c3633,Ж,2001,2017-09-21,R,Краснодар,0,Договор на текущий счет для дебетовой карты,a8071414187723055f854e226d4cc493,"Дебет карта ПС МИР ""Бюджетная""",2020,-1,0,0,5600,4200,75000,78800,dc
205755,c513e0e4440c5df44a591f83397c3633,Ж,2001,2017-09-21,R,Краснодар,0,Договор на текущий счет для дебетовой карты,c95a25621682376b01b38cb4035a6ff1,"Дебет карта ПС МИР ""Бюджетная""",2017,2019,0,0,5600,4200,75000,78800,dc
205756,c513e0e4440c5df44a591f83397c3633,Ж,2001,2017-09-21,R,Краснодар,0,Договор на текущий счет для дебетовой карты,57df83f4afcaf8c23a0fcc6627ed8b76,"Дебет карта ПС МИР ""Бюджетная""",2021,-1,0,0,5600,4200,75000,78800,dc
205757,c513e0e4440c5df44a591f83397c3633,Ж,2001,2017-09-21,R,Краснодар,0,Договор на текущий счет для дебетовой карты,03827ae6fd7502e6181c7d9d04c7d4f5,"Дебет карта ПС МИР ""Бюджетная""",2018,2021,0,0,5600,4200,75000,78800,dc
205758,c513e0e4440c5df44a591f83397c3633,Ж,2001,2017-09-21,R,Краснодар,0,Договор на текущий счет для дебетовой карты,6dc98b0dbee99075dfd6f07018ae2548,"Дебет карта ПС МИР ""Бюджетная""",2020,2021,0,0,5600,4200,75000,78800,dc
65656,258748c9cf8e6e81261b4edbeaca4738,М,1963,2011-03-29,R,Агидель,8500,Договор на текущий счет для дебетовой карты,ca3799137097259010f6df996e7b741e,"Дебет карта ПС МИР ""Бюджетная""",2017,2021,2100,5,7200,500,37100,34700,dc
65657,258748c9cf8e6e81261b4edbeaca4738,М,1963,2011-03-29,R,Агидель,8500,Договор на текущий счет для дебетовой карты,8c53891b7d8671584bc1e5ef37493523,"Дебет карта ПС МИР ""Бюджетная""",2020,-1,2100,5,7200,500,37100,34700,dc
82270,c686de5e79166974db4919cf8895ab64,Ж,1960,2014-10-09,R,Ковров,2200,Кредитная карта,6af039f8dec85569f2b4b7fc456570c3,,-1,-1,2800,1,0,0,6100,3400,dc
3522,62e3ddaa6cd6b1bc7b3c8a837e257ff0,Ж,1972,2017-10-02,R,Уфа,1200,Договор на текущий счет для дебетовой карты,4dac60501585bf992fcd27a7075c3339,МИР Debit,2017,2021,1000,2,900,300,1000,0,dc
20247,d16b68d02b7fb85297d2c893e64ae52e,М,1955,2013-02-19,R,Уфа,0,Договор на текущий счет для дебетовой карты,73b9c76b7b3c365a506131250288637d,Eurocard/MasterCard World,2020,2020,0,0,0,0,200,200,cc
3524,d6f3ae75fb6965c3adf021492a0da69d,М,1961,2014-06-10,R,Янаул,0,Договор на текущий счет для дебетовой карты,856ee032605f3504026924579b3b738a,VISA Classic Light,2016,2020,0,0,0,0,0,0,dc
3525,d6f3ae75fb6965c3adf021492a0da69d,М,1961,2014-06-10,R,Янаул,0,Договор на текущий счет для дебетовой карты,6d6a8a9c39d3c43212c96aa5384e9681,VISA Classic Light,2019,2020,0,0,0,0,0,0,dc
3526,af17d2af6377c28bfdea14dac2e0fbdc,М,2000,2016-09-23,R,Ишимбай,0,Договор на текущий счет для дебетовой карты,c49ae0ea813d82661c083869d5828824,,-1,-1,0,0,14700,10000,10000,0,dc
