,–ù–∞–∑–≤–∞–Ω–∏–µ –ø–ª–æ—â–∞–¥–∫–∏,–°—Å—ã–ª–∫–∞ –Ω–∞ —Å–æ–æ–±—â–µ—Å—Ç–≤–æ,–ö–æ–ª–∏—á–µ—Å—Ç–≤–æ —É—á–∞—Å—Ç–Ω–∏–∫–æ–≤,–û—Ö–≤–∞—Ç —Ä–µ–∫–ª–∞–º—ã,–û—Ö–≤–∞—Ç –ø–æ –ø–æ–¥–ø–∏—Å—á–∏–∫–∞–º,–°—Ç–æ–∏–º–æ—Å—Ç—å,–î–ª–∏—Ç–µ–ª—å–Ω–æ—Å—Ç—å —Ä–∞–∑–º–µ—â–µ–Ω–∏—è
0,–ü—Ä–∞–≤–∏–ª—å–Ω—ã–µ –ú—ã—Å–ª–∏,https://vk.com/club34229261,2619047,0,223778,2376,1/24
1,–°–¥–µ–ª–∞–Ω–æ —á–µ–ª–æ–≤–µ–∫–æ–º,https://vk.com/club105736223,2562176,0,717470,7199,1/24
2,–ë–∏–∑–Ω–µ—Å –ò–Ω—Ñ–æ,https://vk.com/club34168005,2292023,0,147121,1511,1/24
3,Business.Strategy | –° —É—Å–ø–µ—Ö–æ–º –ø–æ –∂–∏–∑–Ω–∏,https://vk.com/club30559917,2047762,0,183202,2880,1/24
4,–ó–∞–ø–∏—Å–∫–∏ –ê–Ω–¥—Ä–µ—è –®–∞–∫–∫–∞—Ä–∞,https://vk.com/club35114569,2046905,0,48373,1440,1/24
5,–ë–∏–∑–Ω–µ—Å —Ü–∏—Ç–∞—Ç–Ω–∏–∫,https://vk.com/club28556858,1978359,0,204706,2160,1/32
6,Good Life Inc,https://vk.com/club80345103,1852887,0,96793,2880,1/24
7,–ú–æ—Ç–∏–≤–∞—Ü–∏—è. –î–∞–ª—å—à–µ - –ë–æ–ª—å—à–µ!,https://vk.com/club30179770,1405141,0,31938,1008,1/48
8,üîî –≠—Ç–∞ —Å—Ç—Ä–∞–Ω–∏—Ü–∞ –æ—Ñ–∏—Ü–∏–∞–ª—å–Ω–æ –ø–æ–¥—Ç–≤–µ—Ä–∂–¥–µ–Ω–∞,https://vk.com/club107071607,1285469,25494,29862,497,1/24
9,–ú–´–°–õ–ò –ù–ê –ú–ò–õ–õ–ò–û–ù,https://vk.com/club42502560,1171362,0,145999,3672,1/24
10,Wow –†–µ–∫–ª–∞–º–∞:),https://vk.com/club12818778,1132630,0,205530,1008,1/24
11,–ú–∞–Ω–∏–ø—É–ª—è—Ü–∏—è,https://vk.com/club133192254,1092197,0,344621,2159,1/24
12,"–ë–∏–∑–Ω–µ—Å, —É—Å–ø–µ—Ö, –º–æ—Ç–∏–≤–∞—Ü–∏—è. –£–º–Ω—ã–π –∂—É—Ä–Ω–∞–ª.",https://vk.com/club35807216,868737,0,23293,1511,1/24
13,–°–æ–≤–µ—Ç—ã –∏ –º–æ—Ç–∏–≤–∞—Ü–∏—è,https://vk.com/club32309508,732978,0,33888,965,1/24
14,–ò–¥–µ–∏ –º–∞–ª–æ–≥–æ –±–∏–∑–Ω–µ—Å–∞,https://vk.com/club51675727,712874,5742,50937,576,1/24
15,–¶–µ–ª–∏,https://vk.com/club33628480,666315,0,97682,864,1/24
16,–§–æ—Ä–º—É–ª–∞ —É—Å–ø–µ—Ö–∞ ‚Ä¢ –ë–∏–∑–Ω–µ—Å|–°–∞–º–æ—Ä–∞–∑–≤–∏—Ç–∏–µ|–ñ–∏–∑–Ω—å,https://vk.com/club41753137,662914,0,22526,576,1/24
17,–î—É–º–∞–π –∏ –ë–æ–≥–∞—Ç–µ–π - –±–∏–∑–Ω–µ—Å –∂—É—Ä–Ω–∞–ª,https://vk.com/club47462810,642485,0,29591,303,1/24
18,"–ê–ë | –ö—Ä–∏–ø—Ç–æ–≤–∞–ª—é—Ç–∞, –±–ª–æ–∫—á–µ–π–Ω, –ë–∏—Ç–∫–æ–∏–Ω Bitcoin BTC",https://vk.com/club46371384,542842,0,45789,576,1/24
19,–Ø –ú–ò–õ–õ–ò–ê–†–î–ï–†,https://vk.com/club38771560,532094,0,13547,576,1/24
20,–°—Ç–∞—Ä—Ç–∞–ø. –ù–∞—á–∞—Ç—å —Å –Ω—É–ª—è –∏ –∏–∑–º–µ–Ω–∏—Ç—å –º–∏—Ä!,https://vk.com/club34598021,513907,0,38787,2448,2/48
21,–ò–¥–µ–∏ –º–∞–ª–æ–≥–æ –±–∏–∑–Ω–µ—Å–∞ | –î–Ω–µ–≤–Ω–∏–∫ –ø—Ä–µ–¥–ø—Ä–∏–Ω–∏–º–∞—Ç–µ–ª—è,https://vk.com/club32298967,500045,0,20548,288,1/24
22,Daily Wisdom,https://vk.com/club35712861,486457,0,62642,504,1/24
23,–ë—É–¥—å —Å–æ –º–Ω–æ–π,https://vk.com/club51398827,471615,0,3594,216,1/24
24,Successful person (–£—Å–ø–µ—à–Ω—ã–π —á–µ–ª–æ–≤–µ–∫). –£—Å–ø–µ—Ö,https://vk.com/club46644924,436778,785,23834,144,1/24
25,"–ü—Ä–æ–¥–∞–∫—Ç—ã –Ω—É–∂–Ω—ã - –±–∏–∑–Ω–µ—Å, –¥–µ–Ω—å–≥–∏, –∫—Ä–∏–ø—Ç–∞",https://vk.com/club72514022,433094,0,36,620,1/24
26,"–°—Ç–∞—Ä—Ç–∞–ø | –ò–¥–µ–∏ –¥–ª—è –±–∏–∑–Ω–µ—Å–∞, –º–∞—Ä–∫–µ—Ç–∏–Ω–≥",https://vk.com/club47706515,431785,1442,12332,1368,1/24
27,–í–µ–ª–∏–∫–∏–µ –æ –≤–µ–ª–∏–∫–æ–º | –°–∞–º–æ—Ä–∞–∑–≤–∏—Ç–∏–µ –∏ –±–∏–∑–Ω–µ—Å,https://vk.com/club39930420,380359,0,228,431,1/72
28,MEN'S GROUP,https://vk.com/club39765355,364771,0,36035,418,1/24
29,Actual | –ë–∏–∑–Ω–µ—Å-–∏–¥–µ–∏,https://vk.com/club85075676,355035,0,24687,576,1/24
30,–î—É–º–∞–π!,https://vk.com/club38843669,341789,0,45962,288,1/24
31,–ë–∏–∑–Ω–µ—Å –∏–¥–µ–∏,https://vk.com/club70123305,334463,0,39014,576,1/24
32,–ë–∏–∑–Ω–µ—Å –∏ –£—Å–ø–µ—Ö,https://vk.com/club49806185,332599,0,11699,1440,1/24
33,–†—É–±–ª—å | –ë–∏–∑–Ω–µ—Å-–∏–¥–µ–∏,https://vk.com/club97376162,331467,0,18470,576,1/24
34,–ú–∞–ª—ã–π –±–∏–∑–Ω–µ—Å,https://vk.com/club94003050,330537,2617,28152,432,1/24
35,–ë–∏–∑–Ω–µ—Å Woman,https://vk.com/club6638644,327654,0,352,144,1/24
36,–ë–∏–∑–Ω–µ—Å –ú–æ—Ç–∏–≤–∞—Ç–æ—Ä—ã,https://vk.com/club51933015,313672,0,9257,432,1/72
37,–ü–∏–∞—Ä –†–∞—Å–∫—Ä—É—Ç–∫–∞ –ü—Ä–æ–¥–≤–∏–∂–µ–Ω–∏–µ YouTube | –Æ—Ç—É–±,https://vk.com/club30737619,300556,0,458,432,1/24
38,–ö–ª—É–± –ö–æ–º–º–µ—Ä—Å–∞–Ω—Ç–æ–≤,https://vk.com/club33704958,292898,0,25673,648,1/24
39,–Ø –ø—Ä–µ–¥–ø—Ä–∏–Ω–∏–º–∞—Ç–µ–ª—å –≤ –ú–æ—Å–∫–≤–µ  - business community,https://vk.com/club68800696,289801,0,19441,792,1/24
40,"–£—Å–ø–µ—Ö, –ú–æ—Ç–∏–≤–∞—Ü–∏—è. –£–º–Ω—ã–π –∂—É—Ä–Ω–∞–ª",https://vk.com/club75161341,282686,0,12,72,1/24
41,–ù–∞—É–∫–∞ –∏ —Ñ–∞–∫—Ç—ã - –≤—Å–µ —Å–∞–º–æ–µ –∏–Ω—Ç–µ—Ä–µ—Å–Ω–æ–µ!,https://vk.com/club47764900,276020,0,52148,216,1/24
42,Business life,https://vk.com/club43251403,269003,1739,9762,288,1/24
43,A7,https://vk.com/club129524148,267653,0,33247,504,1/24
44,–°–µ–∫—Ä–µ—Ç—ã —É—Å–ø–µ—Ö–∞,https://vk.com/club41272222,265564,4214,1143,144,1/24
45,–°–∞–º–æ—Ä–∞–∑–≤–∏—Ç–∏–µ –∏ –ú–æ—Ç–∏–≤–∞—Ü–∏—è,https://vk.com/club163190220,262947,0,65946,576,1/24
46,–ë–∏–∑–Ω–µ—Å People,https://vk.com/club48797417,255664,0,12654,173,1/24
47,"–°–æ–æ–±—â–µ—Å—Ç–≤–æ –ë–æ–≥–∞—Ç–æ–≥–æ –ü–∞–ø—ã: –±–∏–∑–Ω–µ—Å, –∏–Ω–≤–µ—Å—Ç–∏—Ü–∏–∏",https://vk.com/club3250628,253333,0,9822,288,1/24
48,–û–¥–µ—Ä–∂–∏–º—ã–µ –±–∏–∑–Ω–µ—Å–æ–º,https://vk.com/club45222970,249228,0,12243,231,1/24
49,–ë–∏–∑–Ω–µ—Å | –°–∞–º–æ—Ä–∞–∑–≤–∏—Ç–∏–µ,https://vk.com/club41438047,247468,0,7201,231,1/24
50,–ë–µ—Å–ø–ª–∞—Ç–Ω–∞—è –†–æ—Å—Å–∏—è,https://vk.com/club104331145,242472,0,29540,576,1/24
51,–ó–∞–º–µ—Ç–∫–∏ –ø—Ä–µ–¥–ø—Ä–∏–Ω–∏–º–∞—Ç–µ–ª—è | –ë–ª–æ–≥ –ø—Ä–æ –±–∏–∑–Ω–µ—Å,https://vk.com/club57612613,237458,0,2665,576,1/24
52,–ú—É–∂—Å–∫–æ–π –∂—É—Ä–Ω–∞–ª,https://vk.com/club48862521,232992,0,25164,288,1/72
53,–ú–æ–Ω–µ—Ç–∞—Ä–∏—É–º | –ë–∏–∑–Ω–µ—Å | –°–∞–º–æ—Ä–∞–∑–≤–∏—Ç–∏–µ | –ü–æ–≤—ã—à–∞–µ–º IQ,https://vk.com/club43919011,224681,0,1554,429,1/24
54,–û–±–Ω–∞–∂–µ–Ω–Ω—ã–π –ë–∏–∑–Ω–µ—Å,https://vk.com/club37938407,217479,0,394,720,1/24
55,–ë–∏–∑–Ω–µ—Å –±–ª–æ–≥ –ê–ª–µ–∫—Å–µ—è –ö–æ—Ä–Ω–µ–ª—é–∫–∞ - –¶–µ–ª—å Forbes,https://vk.com/club75796848,216080,0,63,27360,24/72
56,The Employer | –ü—Ä–µ–¥–ø—Ä–∏–Ω–∏–º–∞—Ç–µ–ª—å,https://vk.com/club45993355,214436,0,15981,1592,2/48
57,–°–ê–ú–û–†–ê–ó–í–ò–¢–ò–ï | –ë–ò–ó–ù–ï–° | –ú–û–¢–ò–í–ê–¶–ò–Ø,https://vk.com/club85910655,213947,0,12556,58,1/24
58,–ë–µ—Å–ø–ª–∞—Ç–Ω–æ –ö–æ–Ω–∫—É—Ä—Å—ã –†–æ–∑—ã–≥—Ä—ã—à–∏ –†–æ—Å—Å–∏—è,https://vk.com/club126627530,209115,0,6021,144,1/48
59,–Ø —Å—Ç–∞–Ω—É –ú–∏–ª–ª–∏–∞—Ä–¥–µ—Ä–æ–º,https://vk.com/club89354174,208668,0,10652,288,1/24
60,–ë–∏–∑–Ω–µ—Å-–∫–ª—É–± ‚Ññ1 (–≤–∏–¥–µ–æ –∏ –∞—É–¥–∏–æ–∫–Ω–∏–≥–∏ –ø–æ –±–∏–∑–Ω–µ—Å—É),https://vk.com/club40626080,206255,0,20207,360,1/72
61,–ò–¥–µ–∏ –¥–ª—è –º–∞–ª–æ–≥–æ –±–∏–∑–Ω–µ—Å–∞,https://vk.com/club36557224,206245,0,31852,612,1/24
62,"–ë–∏–∑–Ω–µ—Å-–∏–¥–µ–∏, –∏–Ω–≤–µ—Å—Ç–∏—Ü–∏–∏ –∏ –∫—Ä–µ–¥–∏—Ç—ã",https://vk.com/club3800580,204287,0,19132,519,1/24
63,–¢–æ–≤–∞—Ä—ã –¥–æ 5$ —Å –ê–ª–∏—ç–∫—Å–ø—Ä–µ—Å—Å,https://vk.com/club89541464,203972,0,33141,260,1/24
64,"–ë–∏–∑–Ω–µ—Å –∏–Ω–∫—É–±–∞—Ç–æ—Ä | –ú–æ—Ç–∏–≤–∞—Ü–∏—è, —Å–∞–º–æ—Ä–∞–∑–≤–∏—Ç–∏–µ",https://vk.com/club58817259,203878,0,4373,36,1/24
65,Men's File ‚ö°,http://vk.com/club49866640,201931,0,44101,576,1/24
66,–î–µ–ª–æ–≤–∞—è –ö–æ–ª–±–∞—Å–∞ | –ë–∏–∑–Ω–µ—Å-–∂—É—Ä–Ω–∞–ª,https://vk.com/club81806282,199697,0,9058,360,1/24
67,–ò–Ω—Ç–µ–ª–ª–µ–∫—Ç—É–∞–ª—å–Ω–æ–µ –º–Ω–µ–Ω–∏–µ,https://vk.com/club58596644,199404,1458,14749,173,1/24
68,–†–∞–±–æ—Ç–∞ –≤ –∏–Ω—Ç–µ—Ä–Ω–µ—Ç–µ. –ó–∞—Ä–∞–±–æ—Ç–æ–∫. –û–±—ä—è–≤–ª–µ–Ω–∏—è,https://vk.com/club64546971,199064,0,289,87,1/24
69,–ë–∏–∑–Ω–µ—Å —Ü–∏—Ç–∞—Ç—ã | –ú–æ—Ç–∏–≤–∞—Ü–∏—è,https://vk.com/club49677715,196337,284,1930,36,1/24
70,"–¢–µ—Ä—Ä–∏—Ç–æ—Ä–∏—è –£—Å–ø–µ—Ö–∞| –ë–∏–∑–Ω–µ—Å, —É—Å–ø–µ—Ö, —Å–∞–º–æ—Ä–∞–∑–≤–∏—Ç–∏–µ",https://vk.com/club44053412,195874,697,10753,144,1/24
71,–ó–∞—Ä–∞–±–æ—Ç–æ–∫ –≤ –∏–Ω—Ç–µ—Ä–Ω–µ—Ç–µ | –†–∞–±–æ—Ç–∞ | –ü–æ–¥—Ä–∞–±–æ—Ç–∫–∞,https://vk.com/club57123381,194222,0,268,108,1/24
72,–ú–∏–ª–ª–∏–æ–Ω –í–∞—à–∏–Ω–≥—Ç–æ–Ω–æ–≤,https://vk.com/club44656690,184879,0,71,1440,1/24
73,–ú—É–∂—Å–∫–∞—è —Ç–µ—Ä—Ä–∏—Ç–æ—Ä–∏—è,https://vk.com/club112773578,180540,0,19897,288,1/24
74,Number One,https://vk.com/club66494675,180358,0,10340,288,2/48
75,–ò—Å—Ç–æ—Ä–∏–∏ –£—Å–ø–µ—Ö–∞ - –±–∏–∑–Ω–µ—Å –∏ –∏–Ω–≤–µ—Å—Ç–∏—Ä–æ–≤–∞–Ω–∏–µ,https://vk.com/club46422551,178866,0,6192,144,1/24
76,–ë–∏–∑–Ω–µ—Å –Ω–µ–∑–∞–≤–∏—Å–∏–º–æ—Å—Ç—å,https://vk.com/club50784188,178695,0,14652,432,1/72
77,–õ–∏—á–Ω–æ—Å—Ç—å,https://vk.com/club154549313,177558,0,24716,144,1/24
78,–ü–∞—Ä–∞–¥–∏–≥–º–∞ —É—Å–ø–µ—Ö–∞,https://vk.com/club166455552,176836,0,30345,504,1/48
79,–ö–∞—Ç–∞–ª–æ–≥ –±–∏–∑–Ω–µ—Å –∏–¥–µ–π,https://vk.com/club74837480,173208,3321,11929,360,1/24
80,–¢–†–ï–ù–ò–ù–ì –£–°–ü–ï–•–ê | –í–µ–±–∏–Ω–∞—Ä—ã,https://vk.com/club43889870,170195,0,18,404,1/72
81,AliExpress for men ¬©,https://vk.com/club134157496,167260,0,34042,360,1/24
82,Maksimovich  - –í–µ–ª–∏–∫–∏–π –ù–æ–≤–≥–æ—Ä–æ–¥,https://vk.com/club28023821,166664,0,19881,18,1/24
83,–ò–Ω–¥–∏–≤–∏–¥—É–∞–ª—å–Ω—ã–π –ø—Ä–µ–¥–ø—Ä–∏–Ω–∏–º–∞—Ç–µ–ª—å,https://vk.com/club157453299,165876,2840,28146,576,1/24
84,–£—Å–ø–µ—à–Ω–∞—è –†–µ–∞–ª—å–Ω–æ—Å—Ç—å,https://vk.com/club50594521,165094,0,14996,404,1/24
85,–ü–†–ê–í–ò–õ–ê –ë–ò–ó–ù–ï–°–ê | –í–°–ï –û –î–ï–ù–¨–ì–ê–•,https://vk.com/club60089369,159505,0,6776,432,1/24
86,–°–ê–ú–û–†–ê–ó–í–ò–¢–ò–ï | SELF-DEVELOPMENT,https://vk.com/club114814860,155240,0,11960,432,1/24
87,JUST DO IT,https://vk.com/club34632252,153957,0,1300,72,1/48
88,Men's World | –ú—É–∂—Å–∫–æ–π –∂—É—Ä–Ω–∞–ª,https://vk.com/club119509825,149550,0,38069,288,1/24
89,–ù–µ –ù–∞–µ–º–Ω–æ–µ –ù–∞—Å—Ç—Ä–æ–µ–Ω–∏–µ | –ë–∏–∑–Ω–µ—Å –ñ—É—Ä–Ω–∞–ª,https://vk.com/club63557556,148353,1403,7171,288,1/24
90,"Wiki Business - –±–∏–∑–Ω–µ—Å, —Å—Ç–∞—Ä—Ç–∞–ø",https://vk.com/club49294900,147367,500,1545,188,1/72
91,PRO –ë–∏–∑–Ω–µ—Å,https://vk.com/club42823947,147139,0,5244,130,1/24
92,–°—Ç–∏–≤ –î–∂–æ–±—Å –∏ –¥—Ä—É–≥–∏–µ –≤–µ–ª–∏–∫–∏–µ –±–∏–∑–Ω–µ—Å–º–µ–Ω—ã,https://vk.com/club67782575,143570,0,8700,432,1/24
93,–ë–µ–∑ –ë–æ—Å—Å–∞ | –ò–¥–µ–∏ –±–∏–∑–Ω–µ—Å–∞,https://vk.com/club83227908,143430,2795,9917,288,1/24
94,–†–æ—Ñ–ª—ã –∫–æ–º–ø–∞–Ω–∏–π,https://vk.com/club184322224,143203,0,23887,504,1/24
95,PROfessional Business | –ë–∏–∑–Ω–µ—Å –∏–¥–µ–∏,https://vk.com/club85923160,140756,0,20,72,1/24
96,–í –º–∏—Ä–µ –ë–∏–∑–Ω–µ—Å–∞,https://vk.com/club54269344,139880,0,13056,432,1/72
97,–ú—É–∂—Å–∫–æ–π –∫–∞–π—Ñ 18+,https://vk.com/club42101062,138410,0,10640,432,1/24
98,–ö–∞–Ω–¥–∏–¥–∞—Ç –≤ –ú–∏–ª–ª–∏–æ–Ω–µ—Ä—ã| –ë–∏–∑–Ω–µ—Å –∂—É—Ä–Ω–∞–ª,https://vk.com/club49547350,137718,0,6432,224,1/32
99,–ê–∫—É–ª—ã –ë–∏–∑–Ω–µ—Å–∞,https://vk.com/club6317671,132274,0,13939,360,1/48
100,–Ø –ü—Ä–µ–¥–ø—Ä–∏–Ω–∏–º–∞—Ç–µ–ª—å,https://vk.com/club33588368,132271,0,17644,144,1/24
101,–ë–∏–∑–Ω–µ—Å –ú–∞—Ä–∫–µ—Ç–∏–Ω–≥,https://vk.com/club42328702,131707,0,14266,432,1/72
102,‚ôî Hooligan  and Princess ‚ôî,https://vk.com/club83970626,130963,0,3714,144,1/24
103,–ë–∏–∑–Ω–µ—Å –∏–¥–µ–∏,https://vk.com/club114767033,130140,1880,6967,288,1/24
104,–ú–æ—Ç–∏–≤–∞—Ü–∏—è,https://vk.com/club39107759,130115,0,14351,216,1/24
105,–°–µ–∫—Ä–µ—Ç—ã —É—Å–ø–µ—Ö–∞,https://vk.com/club66746212,128492,0,13532,612,1/24
106,6am,https://vk.com/club67283718,126850,0,10779,288,1/48
107,VINE VIDEO,https://vk.com/club828999,126833,0,12,432,1/24
108,–§–∏–ª–æ—Å–æ—Ñ–∏—è –£—Å–ø–µ—Ö–∞,https://vk.com/club47006029,124606,0,9037,100,1/48
109,"–ö–æ–Ω—Å—É–ª—å—Ç–∞–Ω—Ç—ã Oriflame (–û—Ä–∏—Ñ–ª—ç–π–º,–û—Ä–∏—Ñ–ª–µ–π–º)",https://vk.com/club44848239,121547,0,372,432,1/24
110,MAJOR | –ú—É–∂—Å–∫–æ–π –∂—É—Ä–Ω–∞–ª,https://vk.com/club48509958,119528,0,15122,216,1/24
111,Business Times ¬©,https://vk.com/club40709605,118665,0,14507,466,1/24
112,–ë–∏–∑–Ω–µ—Å,https://vk.com/club40119410,117874,287,641,15,1/24
113,–°–∏–ª–∞ –º—ã—à–ª–µ–Ω–∏—è,https://vk.com/club165078891,117620,0,13049,317,1/48
114,–ò–Ω–≤–µ—Å—Ç–∏—Ä—É–π –∏ –ë–æ–≥–∞—Ç–µ–π,https://vk.com/club41942392,117598,0,12887,288,1/24
115,–ò–ù–°–¢–ê–ì–†–ê–ú –†–∞—Å–∫—Ä—É—Ç–∫–∞ –í–∑–∞–∏–º–Ω—ã–µ –õ–∞–π–∫–∏ –ü–æ–¥–ø–∏—Å—á–∏–∫–∏,https://vk.com/club45408582,117560,0,7,432,1/24
116,–ú—è—Å–æ—Ä—É–±–∫–∞,https://vk.com/club87040584,115455,0,20,260,1/48
117,"–°–∏–ª—å–Ω–∞—è –ª–∏—á–Ω–æ—Å—Ç—å | –ú–æ—Ç–∏–≤–∞—Ü–∏—è, –°–∞–º–æ—Ä–∞–∑–≤–∏—Ç–∏–µ",https://vk.com/club115246669,115307,0,5943,116,1/24
118,–ö–æ–∫–µ—Ç–∫–∞ | –ñ–µ–Ω—Å–∫–∏–π –±–∏–∑–Ω–µ—Å,https://vk.com/club133583293,108776,0,2652,1728,1/48
119,Profit | –ë–∏–∑–Ω–µ—Å-–∏–¥–µ–∏,https://vk.com/club112235637,108554,0,12372,432,1/24
120,–•–∞–ª—è–≤–Ω—ã–π –ö—Ä–∞—Å–Ω–æ–¥–∞—Ä - –ë–µ—Å–ø–ª–∞—Ç–Ω—ã–µ –∫–æ–Ω–∫—É—Ä—Å—ã,https://vk.com/club86770939,103936,0,8568,576,2/48
121,–ú–∞—Ä–∫–µ—Ç–∏–Ω–≥ | –†–µ–∫–ª–∞–º–∞,https://vk.com/club46847296,103732,0,10613,432,1/48
122,"–§–∏–ª–æ—Å–æ—Ñ–∏—è, –º–µ–Ω—è—é—â–∞—è –∂–∏–∑–Ω—å!",https://vk.com/club40112959,101119,0,6128,216,1/24
123,"–ë–ò–ó–ù–ï–°-–ü–õ–ê–ù–´, –î–ò–ü–õ–û–ú–ù–´–ï, –ö–£–†–°–û–í–´E PA–ëOT–´",https://vk.com/club45952604,100667,0,255,288,1/24
124,–ë–∏–∑–Ω–µ—Å,https://vk.com/club35641178,100543,0,8255,152,1/24
125,–ú–∞—Ö–∞—á–∫–∞–ª–∞,https://vk.com/club24098940,100360,0,14566,435,1/48
